codigo_ccaa;comunidad_autonoma;sector;periodo;coste_salarial_mensual_eur;coste_salarial_hora_efectiva_eur
01;Andalucía;Información y comunicaciones (Tech);2024T1;2450.2;16.2
01;Andalucía;Hostelería;2024T1;1380.5;9.8
01;Andalucía;Información y comunicaciones (Tech);2024T2;2450.2;16.2
01;Andalucía;Hostelería;2024T2;1380.5;9.8
01;Andalucía;Información y comunicaciones (Tech);2024T3;2450.2;16.2
01;Andalucía;Hostelería;2024T3;1380.5;9.8
01;Andalucía;Información y comunicaciones (Tech);2024T4;2450.2;16.2
01;Andalucía;Hostelería;2024T4;1380.5;9.8
01;Andalucía;Información y comunicaciones (Tech);2025T1;2450.2;16.2
01;Andalucía;Hostelería;2025T1;1380.5;9.8
01;Andalucía;Información y comunicaciones (Tech);2025T2;2450.2;16.2
01;Andalucía;Hostelería;2025T2;1380.5;9.8
01;Andalucía;Información y comunicaciones (Tech);2025T3;2450.2;16.2
01;Andalucía;Hostelería;2025T3;1380.5;9.8
01;Andalucía;Información y comunicaciones (Tech);2025T4;2450.2;16.2
01;Andalucía;Hostelería;2025T4;1380.5;9.8
02;Aragón;Información y comunicaciones (Tech);2024T1;2580.4;17.1
02;Aragón;Hostelería;2024T1;1420.3;10.1
02;Aragón;Información y comunicaciones (Tech);2024T2;2580.4;17.1
02;Aragón;Hostelería;2024T2;1420.3;10.1
02;Aragón;Información y comunicaciones (Tech);2024T3;2580.4;17.1
02;Aragón;Hostelería;2024T3;1420.3;10.1
02;Aragón;Información y comunicaciones (Tech);2024T4;2580.4;17.1
02;Aragón;Hostelería;2024T4;1420.3;10.1
02;Aragón;Información y comunicaciones (Tech);2025T1;2580.4;17.1
02;Aragón;Hostelería;2025T1;1420.3;10.1
02;Aragón;Información y comunicaciones (Tech);2025T2;2580.4;17.1
02;Aragón;Hostelería;2025T2;1420.3;10.1
02;Aragón;Información y comunicaciones (Tech);2025T3;2580.4;17.1
02;Aragón;Hostelería;2025T3;1420.3;10.1
02;Aragón;Información y comunicaciones (Tech);2025T4;2580.4;17.1
02;Aragón;Hostelería;2025T4;1420.3;10.1
03;Asturias, Principado de;Información y comunicaciones (Tech);2024T1;2510.6;16.6
03;Asturias, Principado de;Hostelería;2024T1;1395.8;9.9
03;Asturias, Principado de;Información y comunicaciones (Tech);2024T2;2510.6;16.6
03;Asturias, Principado de;Hostelería;2024T2;1395.8;9.9
03;Asturias, Principado de;Información y comunicaciones (Tech);2024T3;2510.6;16.6
03;Asturias, Principado de;Hostelería;2024T3;1395.8;9.9
03;Asturias, Principado de;Información y comunicaciones (Tech);2024T4;2510.6;16.6
03;Asturias, Principado de;Hostelería;2024T4;1395.8;9.9
03;Asturias, Principado de;Información y comunicaciones (Tech);2025T1;2510.6;16.6
03;Asturias, Principado de;Hostelería;2025T1;1395.8;9.9
03;Asturias, Principado de;Información y comunicaciones (Tech);2025T2;2510.6;16.6
03;Asturias, Principado de;Hostelería;2025T2;1395.8;9.9
03;Asturias, Principado de;Información y comunicaciones (Tech);2025T3;2510.6;16.6
03;Asturias, Principado de;Hostelería;2025T3;1395.8;9.9
03;Asturias, Principado de;Información y comunicaciones (Tech);2025T4;2510.6;16.6
03;Asturias, Principado de;Hostelería;2025T4;1395.8;9.9
04;Balears, Illes;Información y comunicaciones (Tech);2024T1;2620.8;17.4
04;Balears, Illes;Hostelería;2024T1;1580.4;11.2
04;Balears, Illes;Información y comunicaciones (Tech);2024T2;2620.8;17.4
04;Balears, Illes;Hostelería;2024T2;1580.4;11.2
04;Balears, Illes;Información y comunicaciones (Tech);2024T3;2620.8;17.4
04;Balears, Illes;Hostelería;2024T3;1580.4;11.2
04;Balears, Illes;Información y comunicaciones (Tech);2024T4;2620.8;17.4
04;Balears, Illes;Hostelería;2024T4;1580.4;11.2
04;Balears, Illes;Información y comunicaciones (Tech);2025T1;2620.8;17.4
04;Balears, Illes;Hostelería;2025T1;1580.4;11.2
04;Balears, Illes;Información y comunicaciones (Tech);2025T2;2620.8;17.4
04;Balears, Illes;Hostelería;2025T2;1580.4;11.2
04;Balears, Illes;Información y comunicaciones (Tech);2025T3;2620.8;17.4
04;Balears, Illes;Hostelería;2025T3;1580.4;11.2
04;Balears, Illes;Información y comunicaciones (Tech);2025T4;2620.8;17.4
04;Balears, Illes;Hostelería;2025T4;1580.4;11.2
05;Canarias;Información y comunicaciones (Tech);2024T1;2320.1;15.4
05;Canarias;Hostelería;2024T1;1460.9;10.4
05;Canarias;Información y comunicaciones (Tech);2024T2;2320.1;15.4
05;Canarias;Hostelería;2024T2;1460.9;10.4
05;Canarias;Información y comunicaciones (Tech);2024T3;2320.1;15.4
05;Canarias;Hostelería;2024T3;1460.9;10.4
05;Canarias;Información y comunicaciones (Tech);2024T4;2320.1;15.4
05;Canarias;Hostelería;2024T4;1460.9;10.4
05;Canarias;Información y comunicaciones (Tech);2025T1;2320.1;15.4
05;Canarias;Hostelería;2025T1;1460.9;10.4
05;Canarias;Información y comunicaciones (Tech);2025T2;2320.1;15.4
05;Canarias;Hostelería;2025T2;1460.9;10.4
05;Canarias;Información y comunicaciones (Tech);2025T3;2320.1;15.4
05;Canarias;Hostelería;2025T3;1460.9;10.4
05;Canarias;Información y comunicaciones (Tech);2025T4;2320.1;15.4
05;Canarias;Hostelería;2025T4;1460.9;10.4
06;Cantabria;Información y comunicaciones (Tech);2024T1;2420.3;16.0
06;Cantabria;Hostelería;2024T1;1360.2;9.7
06;Cantabria;Información y comunicaciones (Tech);2024T2;2420.3;16.0
06;Cantabria;Hostelería;2024T2;1360.2;9.7
06;Cantabria;Información y comunicaciones (Tech);2024T3;2420.3;16.0
06;Cantabria;Hostelería;2024T3;1360.2;9.7
06;Cantabria;Información y comunicaciones (Tech);2024T4;2420.3;16.0
06;Cantabria;Hostelería;2024T4;1360.2;9.7
06;Cantabria;Información y comunicaciones (Tech);2025T1;2420.3;16.0
06;Cantabria;Hostelería;2025T1;1360.2;9.7
06;Cantabria;Información y comunicaciones (Tech);2025T2;2420.3;16.0
06;Cantabria;Hostelería;2025T2;1360.2;9.7
06;Cantabria;Información y comunicaciones (Tech);2025T3;2420.3;16.0
06;Cantabria;Hostelería;2025T3;1360.2;9.7
06;Cantabria;Información y comunicaciones (Tech);2025T4;2420.3;16.0
06;Cantabria;Hostelería;2025T4;1360.2;9.7
07;Castilla y León;Información y comunicaciones (Tech);2024T1;2470.5;16.3
07;Castilla y León;Hostelería;2024T1;1385.4;9.85
07;Castilla y León;Información y comunicaciones (Tech);2024T2;2470.5;16.3
07;Castilla y León;Hostelería;2024T2;1385.4;9.85
07;Castilla y León;Información y comunicaciones (Tech);2024T3;2470.5;16.3
07;Castilla y León;Hostelería;2024T3;1385.4;9.85
07;Castilla y León;Información y comunicaciones (Tech);2024T4;2470.5;16.3
07;Castilla y León;Hostelería;2024T4;1385.4;9.85
07;Castilla y León;Información y comunicaciones (Tech);2025T1;2470.5;16.3
07;Castilla y León;Hostelería;2025T1;1385.4;9.85
07;Castilla y León;Información y comunicaciones (Tech);2025T2;2470.5;16.3
07;Castilla y León;Hostelería;2025T2;1385.4;9.85
07;Castilla y León;Información y comunicaciones (Tech);2025T3;2470.5;16.3
07;Castilla y León;Hostelería;2025T3;1385.4;9.85
07;Castilla y León;Información y comunicaciones (Tech);2025T4;2470.5;16.3
07;Castilla y León;Hostelería;2025T4;1385.4;9.85
08;Castilla - La Mancha;Información y comunicaciones (Tech);2024T1;2390.8;15.8
08;Castilla - La Mancha;Hostelería;2024T1;1350.6;9.6
08;Castilla - La Mancha;Información y comunicaciones (Tech);2024T2;2390.8;15.8
08;Castilla - La Mancha;Hostelería;2024T2;1350.6;9.6
08;Castilla - La Mancha;Información y comunicaciones (Tech);2024T3;2390.8;15.8
08;Castilla - La Mancha;Hostelería;2024T3;1350.6;9.6
08;Castilla - La Mancha;Información y comunicaciones (Tech);2024T4;2390.8;15.8
08;Castilla - La Mancha;Hostelería;2024T4;1350.6;9.6
08;Castilla - La Mancha;Información y comunicaciones (Tech);2025T1;2390.8;15.8
08;Castilla - La Mancha;Hostelería;2025T1;1350.6;9.6
08;Castilla - La Mancha;Información y comunicaciones (Tech);2025T2;2390.8;15.8
08;Castilla - La Mancha;Hostelería;2025T2;1350.6;9.6
08;Castilla - La Mancha;Información y comunicaciones (Tech);2025T3;2390.8;15.8
08;Castilla - La Mancha;Hostelería;2025T3;1350.6;9.6
08;Castilla - La Mancha;Información y comunicaciones (Tech);2025T4;2390.8;15.8
08;Castilla - La Mancha;Hostelería;2025T4;1350.6;9.6
09;Cataluña;Información y comunicaciones (Tech);2024T1;3020.9;20.1
09;Cataluña;Hostelería;2024T1;1560.8;11.1
09;Cataluña;Información y comunicaciones (Tech);2024T2;3020.9;20.1
09;Cataluña;Hostelería;2024T2;1560.8;11.1
09;Cataluña;Información y comunicaciones (Tech);2024T3;3020.9;20.1
09;Cataluña;Hostelería;2024T3;1560.8;11.1
09;Cataluña;Información y comunicaciones (Tech);2024T4;3020.9;20.1
09;Cataluña;Hostelería;2024T4;1560.8;11.1
09;Cataluña;Información y comunicaciones (Tech);2025T1;3020.9;20.1
09;Cataluña;Hostelería;2025T1;1560.8;11.1
09;Cataluña;Información y comunicaciones (Tech);2025T2;3020.9;20.1
09;Cataluña;Hostelería;2025T2;1560.8;11.1
09;Cataluña;Información y comunicaciones (Tech);2025T3;3020.9;20.1
09;Cataluña;Hostelería;2025T3;1560.8;11.1
09;Cataluña;Información y comunicaciones (Tech);2025T4;3020.9;20.1
09;Cataluña;Hostelería;2025T4;1560.8;11.1
10;Comunitat Valenciana;Información y comunicaciones (Tech);2024T1;2560.3;16.9
10;Comunitat Valenciana;Hostelería;2024T1;1410.7;10.0
10;Comunitat Valenciana;Información y comunicaciones (Tech);2024T2;2560.3;16.9
10;Comunitat Valenciana;Hostelería;2024T2;1410.7;10.0
10;Comunitat Valenciana;Información y comunicaciones (Tech);2024T3;2560.3;16.9
10;Comunitat Valenciana;Hostelería;2024T3;1410.7;10.0
10;Comunitat Valenciana;Información y comunicaciones (Tech);2024T4;2560.3;16.9
10;Comunitat Valenciana;Hostelería;2024T4;1410.7;10.0
10;Comunitat Valenciana;Información y comunicaciones (Tech);2025T1;2560.3;16.9
10;Comunitat Valenciana;Hostelería;2025T1;1410.7;10.0
10;Comunitat Valenciana;Información y comunicaciones (Tech);2025T2;2560.3;16.9
10;Comunitat Valenciana;Hostelería;2025T2;1410.7;10.0
10;Comunitat Valenciana;Información y comunicaciones (Tech);2025T3;2560.3;16.9
10;Comunitat Valenciana;Hostelería;2025T3;1410.7;10.0
10;Comunitat Valenciana;Información y comunicaciones (Tech);2025T4;2560.3;16.9
10;Comunitat Valenciana;Hostelería;2025T4;1410.7;10.0
11;Extremadura;Información y comunicaciones (Tech);2024T1;2260.4;15.0
11;Extremadura;Hostelería;2024T1;1310.2;9.3
11;Extremadura;Información y comunicaciones (Tech);2024T2;2260.4;15.0
11;Extremadura;Hostelería;2024T2;1310.2;9.3
11;Extremadura;Información y comunicaciones (Tech);2024T3;2260.4;15.0
11;Extremadura;Hostelería;2024T3;1310.2;9.3
11;Extremadura;Información y comunicaciones (Tech);2024T4;2260.4;15.0
11;Extremadura;Hostelería;2024T4;1310.2;9.3
11;Extremadura;Información y comunicaciones (Tech);2025T1;2260.4;15.0
11;Extremadura;Hostelería;2025T1;1310.2;9.3
11;Extremadura;Información y comunicaciones (Tech);2025T2;2260.4;15.0
11;Extremadura;Hostelería;2025T2;1310.2;9.3
11;Extremadura;Información y comunicaciones (Tech);2025T3;2260.4;15.0
11;Extremadura;Hostelería;2025T3;1310.2;9.3
11;Extremadura;Información y comunicaciones (Tech);2025T4;2260.4;15.0
11;Extremadura;Hostelería;2025T4;1310.2;9.3
12;Galicia;Información y comunicaciones (Tech);2024T1;2500.8;16.5
12;Galicia;Hostelería;2024T1;1375.9;9.75
12;Galicia;Información y comunicaciones (Tech);2024T2;2500.8;16.5
12;Galicia;Hostelería;2024T2;1375.9;9.75
12;Galicia;Información y comunicaciones (Tech);2024T3;2500.8;16.5
12;Galicia;Hostelería;2024T3;1375.9;9.75
12;Galicia;Información y comunicaciones (Tech);2024T4;2500.8;16.5
12;Galicia;Hostelería;2024T4;1375.9;9.75
12;Galicia;Información y comunicaciones (Tech);2025T1;2500.8;16.5
12;Galicia;Hostelería;2025T1;1375.9;9.75
12;Galicia;Información y comunicaciones (Tech);2025T2;2500.8;16.5
12;Galicia;Hostelería;2025T2;1375.9;9.75
12;Galicia;Información y comunicaciones (Tech);2025T3;2500.8;16.5
12;Galicia;Hostelería;2025T3;1375.9;9.75
12;Galicia;Información y comunicaciones (Tech);2025T4;2500.8;16.5
12;Galicia;Hostelería;2025T4;1375.9;9.75
13;Madrid, Comunidad de;Información y comunicaciones (Tech);2024T1;3480.9;23.2
13;Madrid, Comunidad de;Hostelería;2024T1;1690.5;12.0
13;Madrid, Comunidad de;Información y comunicaciones (Tech);2024T2;3480.9;23.2
13;Madrid, Comunidad de;Hostelería;2024T2;1690.5;12.0
13;Madrid, Comunidad de;Información y comunicaciones (Tech);2024T3;3480.9;23.2
13;Madrid, Comunidad de;Hostelería;2024T3;1690.5;12.0
13;Madrid, Comunidad de;Información y comunicaciones (Tech);2024T4;3480.9;23.2
13;Madrid, Comunidad de;Hostelería;2024T4;1690.5;12.0
13;Madrid, Comunidad de;Información y comunicaciones (Tech);2025T1;3480.9;23.2
13;Madrid, Comunidad de;Hostelería;2025T1;1690.5;12.0
13;Madrid, Comunidad de;Información y comunicaciones (Tech);2025T2;3480.9;23.2
13;Madrid, Comunidad de;Hostelería;2025T2;1690.5;12.0
13;Madrid, Comunidad de;Información y comunicaciones (Tech);2025T3;3480.9;23.2
13;Madrid, Comunidad de;Hostelería;2025T3;1690.5;12.0
13;Madrid, Comunidad de;Información y comunicaciones (Tech);2025T4;3480.9;23.2
13;Madrid, Comunidad de;Hostelería;2025T4;1690.5;12.0
14;Murcia, Región de;Información y comunicaciones (Tech);2024T1;2370.2;15.7
14;Murcia, Región de;Hostelería;2024T1;1345.1;9.55
14;Murcia, Región de;Información y comunicaciones (Tech);2024T2;2370.2;15.7
14;Murcia, Región de;Hostelería;2024T2;1345.1;9.55
14;Murcia, Región de;Información y comunicaciones (Tech);2024T3;2370.2;15.7
14;Murcia, Región de;Hostelería;2024T3;1345.1;9.55
14;Murcia, Región de;Información y comunicaciones (Tech);2024T4;2370.2;15.7
14;Murcia, Región de;Hostelería;2024T4;1345.1;9.55
14;Murcia, Región de;Información y comunicaciones (Tech);2025T1;2370.2;15.7
14;Murcia, Región de;Hostelería;2025T1;1345.1;9.55
14;Murcia, Región de;Información y comunicaciones (Tech);2025T2;2370.2;15.7
14;Murcia, Región de;Hostelería;2025T2;1345.1;9.55
14;Murcia, Región de;Información y comunicaciones (Tech);2025T3;2370.2;15.7
14;Murcia, Región de;Hostelería;2025T3;1345.1;9.55
14;Murcia, Región de;Información y comunicaciones (Tech);2025T4;2370.2;15.7
14;Murcia, Región de;Hostelería;2025T4;1345.1;9.55
15;Navarra, Comunidad Foral de;Información y comunicaciones (Tech);2024T1;2870.5;19.0
15;Navarra, Comunidad Foral de;Hostelería;2024T1;1520.4;10.8
15;Navarra, Comunidad Foral de;Información y comunicaciones (Tech);2024T2;2870.5;19.0
15;Navarra, Comunidad Foral de;Hostelería;2024T2;1520.4;10.8
15;Navarra, Comunidad Foral de;Información y comunicaciones (Tech);2024T3;2870.5;19.0
15;Navarra, Comunidad Foral de;Hostelería;2024T3;1520.4;10.8
15;Navarra, Comunidad Foral de;Información y comunicaciones (Tech);2024T4;2870.5;19.0
15;Navarra, Comunidad Foral de;Hostelería;2024T4;1520.4;10.8
15;Navarra, Comunidad Foral de;Información y comunicaciones (Tech);2025T1;2870.5;19.0
15;Navarra, Comunidad Foral de;Hostelería;2025T1;1520.4;10.8
15;Navarra, Comunidad Foral de;Información y comunicaciones (Tech);2025T2;2870.5;19.0
15;Navarra, Comunidad Foral de;Hostelería;2025T2;1520.4;10.8
15;Navarra, Comunidad Foral de;Información y comunicaciones (Tech);2025T3;2870.5;19.0
15;Navarra, Comunidad Foral de;Hostelería;2025T3;1520.4;10.8
15;Navarra, Comunidad Foral de;Información y comunicaciones (Tech);2025T4;2870.5;19.0
15;Navarra, Comunidad Foral de;Hostelería;2025T4;1520.4;10.8
16;País Vasco;Información y comunicaciones (Tech);2024T1;3120.7;20.8
16;País Vasco;Hostelería;2024T1;1610.6;11.4
16;País Vasco;Información y comunicaciones (Tech);2024T2;3120.7;20.8
16;País Vasco;Hostelería;2024T2;1610.6;11.4
16;País Vasco;Información y comunicaciones (Tech);2024T3;3120.7;20.8
16;País Vasco;Hostelería;2024T3;1610.6;11.4
16;País Vasco;Información y comunicaciones (Tech);2024T4;3120.7;20.8
16;País Vasco;Hostelería;2024T4;1610.6;11.4
16;País Vasco;Información y comunicaciones (Tech);2025T1;3120.7;20.8
16;País Vasco;Hostelería;2025T1;1610.6;11.4
16;País Vasco;Información y comunicaciones (Tech);2025T2;3120.7;20.8
16;País Vasco;Hostelería;2025T2;1610.6;11.4
16;País Vasco;Información y comunicaciones (Tech);2025T3;3120.7;20.8
16;País Vasco;Hostelería;2025T3;1610.6;11.4
16;País Vasco;Información y comunicaciones (Tech);2025T4;3120.7;20.8
16;País Vasco;Hostelería;2025T4;1610.6;11.4
17;Rioja, La;Información y comunicaciones (Tech);2024T1;2440.1;16.1
17;Rioja, La;Hostelería;2024T1;1370.3;9.7
17;Rioja, La;Información y comunicaciones (Tech);2024T2;2440.1;16.1
17;Rioja, La;Hostelería;2024T2;1370.3;9.7
17;Rioja, La;Información y comunicaciones (Tech);2024T3;2440.1;16.1
17;Rioja, La;Hostelería;2024T3;1370.3;9.7
17;Rioja, La;Información y comunicaciones (Tech);2024T4;2440.1;16.1
17;Rioja, La;Hostelería;2024T4;1370.3;9.7
17;Rioja, La;Información y comunicaciones (Tech);2025T1;2440.1;16.1
17;Rioja, La;Hostelería;2025T1;1370.3;9.7
17;Rioja, La;Información y comunicaciones (Tech);2025T2;2440.1;16.1
17;Rioja, La;Hostelería;2025T2;1370.3;9.7
17;Rioja, La;Información y comunicaciones (Tech);2025T3;2440.1;16.1
17;Rioja, La;Hostelería;2025T3;1370.3;9.7
17;Rioja, La;Información y comunicaciones (Tech);2025T4;2440.1;16.1
17;Rioja, La;Hostelería;2025T4;1370.3;9.7
