sector;tipo_jornada;unidad;periodo;valor
Total nacional;Total;Valor absoluto;2026T2;22779.0
Total nacional;Total;Valor absoluto;2026T1;22293.0
Total nacional;Total;Valor absoluto;2025T4;22463.3
Total nacional;Total;Valor absoluto;2025T3;22387.1
Total nacional;Total;Valor absoluto;2025T2;22268.7
Total nacional;Total;Valor absoluto;2025T1;21765.4
Total nacional;Total;Valor absoluto;2024T4;21857.9
Total nacional;Total;Valor absoluto;2024T3;21823.0
Total nacional;Total;Valor absoluto;2024T2;21684.7
Total nacional;Total;Valor absoluto;2024T1;21250.0
Total nacional;Total;Valor absoluto;2023T4;21389.7
Total nacional;Total;Valor absoluto;2023T3;21446.5
Total nacional;Total;Valor absoluto;2023T2;21258.4
Total nacional;Total;Valor absoluto;2023T1;20634.2
Total nacional;Total;Valor absoluto;2022T4;20640.7
Total nacional;Total;Valor absoluto;2022T3;20745.4
Total nacional;Total;Valor absoluto;2022T2;20607.2
Total nacional;Total;Valor absoluto;2022T1;20196.7
Total nacional;Total;Valor absoluto;2021T4;20274.8
Total nacional;Total;Valor absoluto;2021T3;20103.3
Total nacional;Total;Valor absoluto;2021T2;19716.1
Total nacional;Total;Valor absoluto;2021T1;19239.6
Total nacional;Total;Valor absoluto;2020T4;19344.3
Total nacional;Total;Valor absoluto;2020T3;19176.9
Total nacional;Total;Valor absoluto;2020T2;18607.2
Total nacional;Total;Valor absoluto;2020T1;19681.3
Total nacional;Total;Valor absoluto;2019T4;19966.9
Total nacional;Total;Valor absoluto;2019T3;19874.3
Total nacional;Total;Valor absoluto;2019T2;19804.9
Total nacional;Total;Valor absoluto;2019T1;19471.1
Total nacional;Total;Valor absoluto;2018T4;19564.6
Total nacional;Total;Valor absoluto;2018T3;19528.0
Total nacional;Total;Valor absoluto;2018T2;19344.1
Total nacional;Total;Valor absoluto;2018T1;18874.2
Total nacional;Total;Valor absoluto;2017T4;18998.4
Total nacional;Total;Valor absoluto;2017T3;19049.2
Total nacional;Total;Valor absoluto;2017T2;18813.3
Total nacional;Total;Valor absoluto;2017T1;18438.3
Total nacional;Total;Valor absoluto;2016T4;18508.1
Total nacional;Total;Valor absoluto;2016T3;18527.5
Total nacional;Total;Valor absoluto;2016T2;18301.0
Total nacional;Total;Valor absoluto;2016T1;18029.6
Total nacional;Total;Valor absoluto;2015T4;18094.2
Total nacional;Total;Valor absoluto;2015T3;18048.7
Total nacional;Total;Valor absoluto;2015T2;17866.5
Total nacional;Total;Valor absoluto;2015T1;17454.8
Total nacional;Total;Valor absoluto;2014T4;17569.1
Total nacional;Total;Valor absoluto;2014T3;17504.0
Total nacional;Total;Valor absoluto;2014T2;17353.0
Total nacional;Total;Valor absoluto;2014T1;16950.6
Total nacional;Total;Valor absoluto;2013T4;17135.2
Total nacional;Total;Valor absoluto;2013T3;17230.0
Total nacional;Total;Valor absoluto;2013T2;17160.6
Total nacional;Total;Valor absoluto;2013T1;17030.2
Total nacional;Total;Valor absoluto;2012T4;17339.4
Total nacional;Total;Valor absoluto;2012T3;17667.7
Total nacional;Total;Valor absoluto;2012T2;17758.5
Total nacional;Total;Valor absoluto;2012T1;17765.1
Total nacional;Total;Valor absoluto;2011T4;18153.0
Total nacional;Total;Valor absoluto;2011T3;18484.5
Total nacional;Total;Valor absoluto;2011T2;18622.0
Total nacional;Total;Valor absoluto;2011T1;18426.2
Total nacional;Total;Valor absoluto;2010T4;18674.9
Total nacional;Total;Valor absoluto;2010T3;18819.0
Total nacional;Total;Valor absoluto;2010T2;18751.1
Total nacional;Total;Valor absoluto;2010T1;18652.9
Total nacional;Total;Valor absoluto;2009T4;18890.4
Total nacional;Total;Valor absoluto;2009T3;19098.4
Total nacional;Total;Valor absoluto;2009T2;19154.2
Total nacional;Total;Valor absoluto;2009T1;19284.4
Total nacional;Total;Valor absoluto;2008T4;20055.3
Total nacional;Total;Valor absoluto;2008T3;20556.4
Total nacional;Total;Valor absoluto;2008T2;20646.9
Total nacional;Total;Valor absoluto;2008T1;20620.0
Total nacional;Total;Porcentaje;2026T2;100.0
Total nacional;Total;Porcentaje;2026T1;100.0
Total nacional;Total;Porcentaje;2025T4;100.0
Total nacional;Total;Porcentaje;2025T3;100.0
Total nacional;Total;Porcentaje;2025T2;100.0
Total nacional;Total;Porcentaje;2025T1;100.0
Total nacional;Total;Porcentaje;2024T4;100.0
Total nacional;Total;Porcentaje;2024T3;100.0
Total nacional;Total;Porcentaje;2024T2;100.0
Total nacional;Total;Porcentaje;2024T1;100.0
Total nacional;Total;Porcentaje;2023T4;100.0
Total nacional;Total;Porcentaje;2023T3;100.0
Total nacional;Total;Porcentaje;2023T2;100.0
Total nacional;Total;Porcentaje;2023T1;100.0
Total nacional;Total;Porcentaje;2022T4;100.0
Total nacional;Total;Porcentaje;2022T3;100.0
Total nacional;Total;Porcentaje;2022T2;100.0
Total nacional;Total;Porcentaje;2022T1;100.0
Total nacional;Total;Porcentaje;2021T4;100.0
Total nacional;Total;Porcentaje;2021T3;100.0
Total nacional;Total;Porcentaje;2021T2;100.0
Total nacional;Total;Porcentaje;2021T1;100.0
Total nacional;Total;Porcentaje;2020T4;100.0
Total nacional;Total;Porcentaje;2020T3;100.0
Total nacional;Total;Porcentaje;2020T2;100.0
Total nacional;Total;Porcentaje;2020T1;100.0
Total nacional;Total;Porcentaje;2019T4;100.0
Total nacional;Total;Porcentaje;2019T3;100.0
Total nacional;Total;Porcentaje;2019T2;100.0
Total nacional;Total;Porcentaje;2019T1;100.0
Total nacional;Total;Porcentaje;2018T4;100.0
Total nacional;Total;Porcentaje;2018T3;100.0
Total nacional;Total;Porcentaje;2018T2;100.0
Total nacional;Total;Porcentaje;2018T1;100.0
Total nacional;Total;Porcentaje;2017T4;100.0
Total nacional;Total;Porcentaje;2017T3;100.0
Total nacional;Total;Porcentaje;2017T2;100.0
Total nacional;Total;Porcentaje;2017T1;100.0
Total nacional;Total;Porcentaje;2016T4;100.0
Total nacional;Total;Porcentaje;2016T3;100.0
Total nacional;Total;Porcentaje;2016T2;100.0
Total nacional;Total;Porcentaje;2016T1;100.0
Total nacional;Total;Porcentaje;2015T4;100.0
Total nacional;Total;Porcentaje;2015T3;100.0
Total nacional;Total;Porcentaje;2015T2;100.0
Total nacional;Total;Porcentaje;2015T1;100.0
Total nacional;Total;Porcentaje;2014T4;100.0
Total nacional;Total;Porcentaje;2014T3;100.0
Total nacional;Total;Porcentaje;2014T2;100.0
Total nacional;Total;Porcentaje;2014T1;100.0
Total nacional;Total;Porcentaje;2013T4;100.0
Total nacional;Total;Porcentaje;2013T3;100.0
Total nacional;Total;Porcentaje;2013T2;100.0
Total nacional;Total;Porcentaje;2013T1;100.0
Total nacional;Total;Porcentaje;2012T4;100.0
Total nacional;Total;Porcentaje;2012T3;100.0
Total nacional;Total;Porcentaje;2012T2;100.0
Total nacional;Total;Porcentaje;2012T1;100.0
Total nacional;Total;Porcentaje;2011T4;100.0
Total nacional;Total;Porcentaje;2011T3;100.0
Total nacional;Total;Porcentaje;2011T2;100.0
Total nacional;Total;Porcentaje;2011T1;100.0
Total nacional;Total;Porcentaje;2010T4;100.0
Total nacional;Total;Porcentaje;2010T3;100.0
Total nacional;Total;Porcentaje;2010T2;100.0
Total nacional;Total;Porcentaje;2010T1;100.0
Total nacional;Total;Porcentaje;2009T4;100.0
Total nacional;Total;Porcentaje;2009T3;100.0
Total nacional;Total;Porcentaje;2009T2;100.0
Total nacional;Total;Porcentaje;2009T1;100.0
Total nacional;Total;Porcentaje;2008T4;100.0
Total nacional;Total;Porcentaje;2008T3;100.0
Total nacional;Total;Porcentaje;2008T2;100.0
Total nacional;Total;Porcentaje;2008T1;100.0
Total nacional;Jornada a tiempo completo;Valor absoluto;2026T2;19662.4
Total nacional;Jornada a tiempo completo;Valor absoluto;2026T1;19257.1
Total nacional;Jornada a tiempo completo;Valor absoluto;2025T4;19373.6
Total nacional;Jornada a tiempo completo;Valor absoluto;2025T3;19489.3
Total nacional;Jornada a tiempo completo;Valor absoluto;2025T2;19174.8
Total nacional;Jornada a tiempo completo;Valor absoluto;2025T1;18689.5
Total nacional;Jornada a tiempo completo;Valor absoluto;2024T4;18798.9
Total nacional;Jornada a tiempo completo;Valor absoluto;2024T3;19029.1
Total nacional;Jornada a tiempo completo;Valor absoluto;2024T2;18742.1
Total nacional;Jornada a tiempo completo;Valor absoluto;2024T1;18308.5
Total nacional;Jornada a tiempo completo;Valor absoluto;2023T4;18508.2
Total nacional;Jornada a tiempo completo;Valor absoluto;2023T3;18756.7
Total nacional;Jornada a tiempo completo;Valor absoluto;2023T2;18382.1
Total nacional;Jornada a tiempo completo;Valor absoluto;2023T1;17807.4
Total nacional;Jornada a tiempo completo;Valor absoluto;2022T4;17835.9
Total nacional;Jornada a tiempo completo;Valor absoluto;2022T3;18081.4
Total nacional;Jornada a tiempo completo;Valor absoluto;2022T2;17768.9
Total nacional;Jornada a tiempo completo;Valor absoluto;2022T1;17364.1
Total nacional;Jornada a tiempo completo;Valor absoluto;2021T4;17527.2
Total nacional;Jornada a tiempo completo;Valor absoluto;2021T3;17399.6
Total nacional;Jornada a tiempo completo;Valor absoluto;2021T2;16871.0
Total nacional;Jornada a tiempo completo;Valor absoluto;2021T1;16531.7
Total nacional;Jornada a tiempo completo;Valor absoluto;2020T4;16545.2
Total nacional;Jornada a tiempo completo;Valor absoluto;2020T3;16522.1
Total nacional;Jornada a tiempo completo;Valor absoluto;2020T2;16121.1
Total nacional;Jornada a tiempo completo;Valor absoluto;2020T1;16833.0
Total nacional;Jornada a tiempo completo;Valor absoluto;2019T4;17022.1
Total nacional;Jornada a tiempo completo;Valor absoluto;2019T3;17085.1
Total nacional;Jornada a tiempo completo;Valor absoluto;2019T2;16853.4
Total nacional;Jornada a tiempo completo;Valor absoluto;2019T1;16570.4
Total nacional;Jornada a tiempo completo;Valor absoluto;2018T4;16669.8
Total nacional;Jornada a tiempo completo;Valor absoluto;2018T3;16814.2
Total nacional;Jornada a tiempo completo;Valor absoluto;2018T2;16444.3
Total nacional;Jornada a tiempo completo;Valor absoluto;2018T1;16059.9
Total nacional;Jornada a tiempo completo;Valor absoluto;2017T4;16193.0
Total nacional;Jornada a tiempo completo;Valor absoluto;2017T3;16323.4
Total nacional;Jornada a tiempo completo;Valor absoluto;2017T2;15943.2
Total nacional;Jornada a tiempo completo;Valor absoluto;2017T1;15564.0
Total nacional;Jornada a tiempo completo;Valor absoluto;2016T4;15675.1
Total nacional;Jornada a tiempo completo;Valor absoluto;2016T3;15830.4
Total nacional;Jornada a tiempo completo;Valor absoluto;2016T2;15499.9
Total nacional;Jornada a tiempo completo;Valor absoluto;2016T1;15198.8
Total nacional;Jornada a tiempo completo;Valor absoluto;2015T4;15250.5
Total nacional;Jornada a tiempo completo;Valor absoluto;2015T3;15298.3
Total nacional;Jornada a tiempo completo;Valor absoluto;2015T2;15048.4
Total nacional;Jornada a tiempo completo;Valor absoluto;2015T1;14618.2
Total nacional;Jornada a tiempo completo;Valor absoluto;2014T4;14748.7
Total nacional;Jornada a tiempo completo;Valor absoluto;2014T3;14879.6
Total nacional;Jornada a tiempo completo;Valor absoluto;2014T2;14508.9
Total nacional;Jornada a tiempo completo;Valor absoluto;2014T1;14204.5
Total nacional;Jornada a tiempo completo;Valor absoluto;2013T4;14381.4
Total nacional;Jornada a tiempo completo;Valor absoluto;2013T3;14616.3
Total nacional;Jornada a tiempo completo;Valor absoluto;2013T2;14389.4
Total nacional;Jornada a tiempo completo;Valor absoluto;2013T1;14339.8
Total nacional;Jornada a tiempo completo;Valor absoluto;2012T4;14723.4
Total nacional;Jornada a tiempo completo;Valor absoluto;2012T3;15172.3
Total nacional;Jornada a tiempo completo;Valor absoluto;2012T2;15152.5
Total nacional;Jornada a tiempo completo;Valor absoluto;2012T1;15263.7
Total nacional;Jornada a tiempo completo;Valor absoluto;2011T4;15700.4
Total nacional;Jornada a tiempo completo;Valor absoluto;2011T3;16089.1
Total nacional;Jornada a tiempo completo;Valor absoluto;2011T2;16035.4
Total nacional;Jornada a tiempo completo;Valor absoluto;2011T1;15868.3
Total nacional;Jornada a tiempo completo;Valor absoluto;2010T4;16208.9
Total nacional;Jornada a tiempo completo;Valor absoluto;2010T3;16457.7
Total nacional;Jornada a tiempo completo;Valor absoluto;2010T2;16268.6
Total nacional;Jornada a tiempo completo;Valor absoluto;2010T1;16210.1
Total nacional;Jornada a tiempo completo;Valor absoluto;2009T4;16433.1
Total nacional;Jornada a tiempo completo;Valor absoluto;2009T3;16798.0
Total nacional;Jornada a tiempo completo;Valor absoluto;2009T2;16728.9
Total nacional;Jornada a tiempo completo;Valor absoluto;2009T1;16880.9
Total nacional;Jornada a tiempo completo;Valor absoluto;2008T4;17595.9
Total nacional;Jornada a tiempo completo;Valor absoluto;2008T3;18257.7
Total nacional;Jornada a tiempo completo;Valor absoluto;2008T2;18215.2
Total nacional;Jornada a tiempo completo;Valor absoluto;2008T1;18185.8
Total nacional;Jornada a tiempo completo;Porcentaje;2026T2;86.3
Total nacional;Jornada a tiempo completo;Porcentaje;2026T1;86.4
Total nacional;Jornada a tiempo completo;Porcentaje;2025T4;86.2
Total nacional;Jornada a tiempo completo;Porcentaje;2025T3;87.1
Total nacional;Jornada a tiempo completo;Porcentaje;2025T2;86.1
Total nacional;Jornada a tiempo completo;Porcentaje;2025T1;85.9
Total nacional;Jornada a tiempo completo;Porcentaje;2024T4;86.0
Total nacional;Jornada a tiempo completo;Porcentaje;2024T3;87.2
Total nacional;Jornada a tiempo completo;Porcentaje;2024T2;86.4
Total nacional;Jornada a tiempo completo;Porcentaje;2024T1;86.2
Total nacional;Jornada a tiempo completo;Porcentaje;2023T4;86.5
Total nacional;Jornada a tiempo completo;Porcentaje;2023T3;87.5
Total nacional;Jornada a tiempo completo;Porcentaje;2023T2;86.5
Total nacional;Jornada a tiempo completo;Porcentaje;2023T1;86.3
Total nacional;Jornada a tiempo completo;Porcentaje;2022T4;86.4
Total nacional;Jornada a tiempo completo;Porcentaje;2022T3;87.2
Total nacional;Jornada a tiempo completo;Porcentaje;2022T2;86.2
Total nacional;Jornada a tiempo completo;Porcentaje;2022T1;86.0
Total nacional;Jornada a tiempo completo;Porcentaje;2021T4;86.4
Total nacional;Jornada a tiempo completo;Porcentaje;2021T3;86.6
Total nacional;Jornada a tiempo completo;Porcentaje;2021T2;85.6
Total nacional;Jornada a tiempo completo;Porcentaje;2021T1;85.9
Total nacional;Jornada a tiempo completo;Porcentaje;2020T4;85.5
Total nacional;Jornada a tiempo completo;Porcentaje;2020T3;86.2
Total nacional;Jornada a tiempo completo;Porcentaje;2020T2;86.6
Total nacional;Jornada a tiempo completo;Porcentaje;2020T1;85.5
Total nacional;Jornada a tiempo completo;Porcentaje;2019T4;85.3
Total nacional;Jornada a tiempo completo;Porcentaje;2019T3;86.0
Total nacional;Jornada a tiempo completo;Porcentaje;2019T2;85.1
Total nacional;Jornada a tiempo completo;Porcentaje;2019T1;85.1
Total nacional;Jornada a tiempo completo;Porcentaje;2018T4;85.2
Total nacional;Jornada a tiempo completo;Porcentaje;2018T3;86.1
Total nacional;Jornada a tiempo completo;Porcentaje;2018T2;85.0
Total nacional;Jornada a tiempo completo;Porcentaje;2018T1;85.1
Total nacional;Jornada a tiempo completo;Porcentaje;2017T4;85.2
Total nacional;Jornada a tiempo completo;Porcentaje;2017T3;85.7
Total nacional;Jornada a tiempo completo;Porcentaje;2017T2;84.7
Total nacional;Jornada a tiempo completo;Porcentaje;2017T1;84.4
Total nacional;Jornada a tiempo completo;Porcentaje;2016T4;84.7
Total nacional;Jornada a tiempo completo;Porcentaje;2016T3;85.4
Total nacional;Jornada a tiempo completo;Porcentaje;2016T2;84.7
Total nacional;Jornada a tiempo completo;Porcentaje;2016T1;84.3
Total nacional;Jornada a tiempo completo;Porcentaje;2015T4;84.3
Total nacional;Jornada a tiempo completo;Porcentaje;2015T3;84.8
Total nacional;Jornada a tiempo completo;Porcentaje;2015T2;84.2
Total nacional;Jornada a tiempo completo;Porcentaje;2015T1;83.7
Total nacional;Jornada a tiempo completo;Porcentaje;2014T4;83.9
Total nacional;Jornada a tiempo completo;Porcentaje;2014T3;85.0
Total nacional;Jornada a tiempo completo;Porcentaje;2014T2;83.6
Total nacional;Jornada a tiempo completo;Porcentaje;2014T1;83.8
Total nacional;Jornada a tiempo completo;Porcentaje;2013T4;83.9
Total nacional;Jornada a tiempo completo;Porcentaje;2013T3;84.8
Total nacional;Jornada a tiempo completo;Porcentaje;2013T2;83.9
Total nacional;Jornada a tiempo completo;Porcentaje;2013T1;84.2
Total nacional;Jornada a tiempo completo;Porcentaje;2012T4;84.9
Total nacional;Jornada a tiempo completo;Porcentaje;2012T3;85.9
Total nacional;Jornada a tiempo completo;Porcentaje;2012T2;85.3
Total nacional;Jornada a tiempo completo;Porcentaje;2012T1;85.9
Total nacional;Jornada a tiempo completo;Porcentaje;2011T4;86.5
Total nacional;Jornada a tiempo completo;Porcentaje;2011T3;87.0
Total nacional;Jornada a tiempo completo;Porcentaje;2011T2;86.1
Total nacional;Jornada a tiempo completo;Porcentaje;2011T1;86.1
Total nacional;Jornada a tiempo completo;Porcentaje;2010T4;86.8
Total nacional;Jornada a tiempo completo;Porcentaje;2010T3;87.5
Total nacional;Jornada a tiempo completo;Porcentaje;2010T2;86.8
Total nacional;Jornada a tiempo completo;Porcentaje;2010T1;86.9
Total nacional;Jornada a tiempo completo;Porcentaje;2009T4;87.0
Total nacional;Jornada a tiempo completo;Porcentaje;2009T3;88.0
Total nacional;Jornada a tiempo completo;Porcentaje;2009T2;87.3
Total nacional;Jornada a tiempo completo;Porcentaje;2009T1;87.5
Total nacional;Jornada a tiempo completo;Porcentaje;2008T4;87.7
Total nacional;Jornada a tiempo completo;Porcentaje;2008T3;88.8
Total nacional;Jornada a tiempo completo;Porcentaje;2008T2;88.2
Total nacional;Jornada a tiempo completo;Porcentaje;2008T1;88.2
Total nacional;Jornada a tiempo parcial;Valor absoluto;2026T2;3116.5
Total nacional;Jornada a tiempo parcial;Valor absoluto;2026T1;3035.9
Total nacional;Jornada a tiempo parcial;Valor absoluto;2025T4;3089.7
Total nacional;Jornada a tiempo parcial;Valor absoluto;2025T3;2897.8
Total nacional;Jornada a tiempo parcial;Valor absoluto;2025T2;3093.9
Total nacional;Jornada a tiempo parcial;Valor absoluto;2025T1;3075.9
Total nacional;Jornada a tiempo parcial;Valor absoluto;2024T4;3059.0
Total nacional;Jornada a tiempo parcial;Valor absoluto;2024T3;2793.9
Total nacional;Jornada a tiempo parcial;Valor absoluto;2024T2;2942.6
Total nacional;Jornada a tiempo parcial;Valor absoluto;2024T1;2941.5
Total nacional;Jornada a tiempo parcial;Valor absoluto;2023T4;2881.6
Total nacional;Jornada a tiempo parcial;Valor absoluto;2023T3;2689.8
Total nacional;Jornada a tiempo parcial;Valor absoluto;2023T2;2876.3
Total nacional;Jornada a tiempo parcial;Valor absoluto;2023T1;2826.8
Total nacional;Jornada a tiempo parcial;Valor absoluto;2022T4;2804.8
Total nacional;Jornada a tiempo parcial;Valor absoluto;2022T3;2664.1
Total nacional;Jornada a tiempo parcial;Valor absoluto;2022T2;2838.2
Total nacional;Jornada a tiempo parcial;Valor absoluto;2022T1;2832.5
Total nacional;Jornada a tiempo parcial;Valor absoluto;2021T4;2747.7
Total nacional;Jornada a tiempo parcial;Valor absoluto;2021T3;2703.7
Total nacional;Jornada a tiempo parcial;Valor absoluto;2021T2;2845.1
Total nacional;Jornada a tiempo parcial;Valor absoluto;2021T1;2707.9
Total nacional;Jornada a tiempo parcial;Valor absoluto;2020T4;2799.1
Total nacional;Jornada a tiempo parcial;Valor absoluto;2020T3;2654.7
Total nacional;Jornada a tiempo parcial;Valor absoluto;2020T2;2486.1
Total nacional;Jornada a tiempo parcial;Valor absoluto;2020T1;2848.3
Total nacional;Jornada a tiempo parcial;Valor absoluto;2019T4;2944.8
Total nacional;Jornada a tiempo parcial;Valor absoluto;2019T3;2789.2
Total nacional;Jornada a tiempo parcial;Valor absoluto;2019T2;2951.5
Total nacional;Jornada a tiempo parcial;Valor absoluto;2019T1;2900.7
Total nacional;Jornada a tiempo parcial;Valor absoluto;2018T4;2894.8
Total nacional;Jornada a tiempo parcial;Valor absoluto;2018T3;2713.8
Total nacional;Jornada a tiempo parcial;Valor absoluto;2018T2;2899.7
Total nacional;Jornada a tiempo parcial;Valor absoluto;2018T1;2814.3
Total nacional;Jornada a tiempo parcial;Valor absoluto;2017T4;2805.4
Total nacional;Jornada a tiempo parcial;Valor absoluto;2017T3;2725.8
Total nacional;Jornada a tiempo parcial;Valor absoluto;2017T2;2870.1
Total nacional;Jornada a tiempo parcial;Valor absoluto;2017T1;2874.3
Total nacional;Jornada a tiempo parcial;Valor absoluto;2016T4;2833.0
Total nacional;Jornada a tiempo parcial;Valor absoluto;2016T3;2697.1
Total nacional;Jornada a tiempo parcial;Valor absoluto;2016T2;2801.1
Total nacional;Jornada a tiempo parcial;Valor absoluto;2016T1;2830.8
Total nacional;Jornada a tiempo parcial;Valor absoluto;2015T4;2843.7
Total nacional;Jornada a tiempo parcial;Valor absoluto;2015T3;2750.4
Total nacional;Jornada a tiempo parcial;Valor absoluto;2015T2;2818.1
Total nacional;Jornada a tiempo parcial;Valor absoluto;2015T1;2836.6
Total nacional;Jornada a tiempo parcial;Valor absoluto;2014T4;2820.4
Total nacional;Jornada a tiempo parcial;Valor absoluto;2014T3;2624.5
Total nacional;Jornada a tiempo parcial;Valor absoluto;2014T2;2844.1
Total nacional;Jornada a tiempo parcial;Valor absoluto;2014T1;2746.1
Total nacional;Jornada a tiempo parcial;Valor absoluto;2013T4;2753.9
Total nacional;Jornada a tiempo parcial;Valor absoluto;2013T3;2613.7
Total nacional;Jornada a tiempo parcial;Valor absoluto;2013T2;2771.1
Total nacional;Jornada a tiempo parcial;Valor absoluto;2013T1;2690.4
Total nacional;Jornada a tiempo parcial;Valor absoluto;2012T4;2616.0
Total nacional;Jornada a tiempo parcial;Valor absoluto;2012T3;2495.4
Total nacional;Jornada a tiempo parcial;Valor absoluto;2012T2;2606.0
Total nacional;Jornada a tiempo parcial;Valor absoluto;2012T1;2501.4
Total nacional;Jornada a tiempo parcial;Valor absoluto;2011T4;2452.6
Total nacional;Jornada a tiempo parcial;Valor absoluto;2011T3;2395.3
Total nacional;Jornada a tiempo parcial;Valor absoluto;2011T2;2586.5
Total nacional;Jornada a tiempo parcial;Valor absoluto;2011T1;2557.9
Total nacional;Jornada a tiempo parcial;Valor absoluto;2010T4;2466.0
Total nacional;Jornada a tiempo parcial;Valor absoluto;2010T3;2361.3
Total nacional;Jornada a tiempo parcial;Valor absoluto;2010T2;2482.5
Total nacional;Jornada a tiempo parcial;Valor absoluto;2010T1;2442.8
Total nacional;Jornada a tiempo parcial;Valor absoluto;2009T4;2457.4
Total nacional;Jornada a tiempo parcial;Valor absoluto;2009T3;2300.5
Total nacional;Jornada a tiempo parcial;Valor absoluto;2009T2;2425.3
Total nacional;Jornada a tiempo parcial;Valor absoluto;2009T1;2403.6
Total nacional;Jornada a tiempo parcial;Valor absoluto;2008T4;2459.3
Total nacional;Jornada a tiempo parcial;Valor absoluto;2008T3;2298.8
Total nacional;Jornada a tiempo parcial;Valor absoluto;2008T2;2431.7
Total nacional;Jornada a tiempo parcial;Valor absoluto;2008T1;2434.2
Total nacional;Jornada a tiempo parcial;Porcentaje;2026T2;13.7
Total nacional;Jornada a tiempo parcial;Porcentaje;2026T1;13.6
Total nacional;Jornada a tiempo parcial;Porcentaje;2025T4;13.8
Total nacional;Jornada a tiempo parcial;Porcentaje;2025T3;12.9
Total nacional;Jornada a tiempo parcial;Porcentaje;2025T2;13.9
Total nacional;Jornada a tiempo parcial;Porcentaje;2025T1;14.1
Total nacional;Jornada a tiempo parcial;Porcentaje;2024T4;14.0
Total nacional;Jornada a tiempo parcial;Porcentaje;2024T3;12.8
Total nacional;Jornada a tiempo parcial;Porcentaje;2024T2;13.6
Total nacional;Jornada a tiempo parcial;Porcentaje;2024T1;13.8
Total nacional;Jornada a tiempo parcial;Porcentaje;2023T4;13.5
Total nacional;Jornada a tiempo parcial;Porcentaje;2023T3;12.5
Total nacional;Jornada a tiempo parcial;Porcentaje;2023T2;13.5
Total nacional;Jornada a tiempo parcial;Porcentaje;2023T1;13.7
Total nacional;Jornada a tiempo parcial;Porcentaje;2022T4;13.6
Total nacional;Jornada a tiempo parcial;Porcentaje;2022T3;12.8
Total nacional;Jornada a tiempo parcial;Porcentaje;2022T2;13.8
Total nacional;Jornada a tiempo parcial;Porcentaje;2022T1;14.0
Total nacional;Jornada a tiempo parcial;Porcentaje;2021T4;13.6
Total nacional;Jornada a tiempo parcial;Porcentaje;2021T3;13.4
Total nacional;Jornada a tiempo parcial;Porcentaje;2021T2;14.4
Total nacional;Jornada a tiempo parcial;Porcentaje;2021T1;14.1
Total nacional;Jornada a tiempo parcial;Porcentaje;2020T4;14.5
Total nacional;Jornada a tiempo parcial;Porcentaje;2020T3;13.8
Total nacional;Jornada a tiempo parcial;Porcentaje;2020T2;13.4
Total nacional;Jornada a tiempo parcial;Porcentaje;2020T1;14.5
Total nacional;Jornada a tiempo parcial;Porcentaje;2019T4;14.7
Total nacional;Jornada a tiempo parcial;Porcentaje;2019T3;14.0
Total nacional;Jornada a tiempo parcial;Porcentaje;2019T2;14.9
Total nacional;Jornada a tiempo parcial;Porcentaje;2019T1;14.9
Total nacional;Jornada a tiempo parcial;Porcentaje;2018T4;14.8
Total nacional;Jornada a tiempo parcial;Porcentaje;2018T3;13.9
Total nacional;Jornada a tiempo parcial;Porcentaje;2018T2;15.0
Total nacional;Jornada a tiempo parcial;Porcentaje;2018T1;14.9
Total nacional;Jornada a tiempo parcial;Porcentaje;2017T4;14.8
Total nacional;Jornada a tiempo parcial;Porcentaje;2017T3;14.3
Total nacional;Jornada a tiempo parcial;Porcentaje;2017T2;15.3
Total nacional;Jornada a tiempo parcial;Porcentaje;2017T1;15.6
Total nacional;Jornada a tiempo parcial;Porcentaje;2016T4;15.3
Total nacional;Jornada a tiempo parcial;Porcentaje;2016T3;14.6
Total nacional;Jornada a tiempo parcial;Porcentaje;2016T2;15.3
Total nacional;Jornada a tiempo parcial;Porcentaje;2016T1;15.7
Total nacional;Jornada a tiempo parcial;Porcentaje;2015T4;15.7
Total nacional;Jornada a tiempo parcial;Porcentaje;2015T3;15.2
Total nacional;Jornada a tiempo parcial;Porcentaje;2015T2;15.8
Total nacional;Jornada a tiempo parcial;Porcentaje;2015T1;16.3
Total nacional;Jornada a tiempo parcial;Porcentaje;2014T4;16.1
Total nacional;Jornada a tiempo parcial;Porcentaje;2014T3;15.0
Total nacional;Jornada a tiempo parcial;Porcentaje;2014T2;16.4
Total nacional;Jornada a tiempo parcial;Porcentaje;2014T1;16.2
Total nacional;Jornada a tiempo parcial;Porcentaje;2013T4;16.1
Total nacional;Jornada a tiempo parcial;Porcentaje;2013T3;15.2
Total nacional;Jornada a tiempo parcial;Porcentaje;2013T2;16.1
Total nacional;Jornada a tiempo parcial;Porcentaje;2013T1;15.8
Total nacional;Jornada a tiempo parcial;Porcentaje;2012T4;15.1
Total nacional;Jornada a tiempo parcial;Porcentaje;2012T3;14.1
Total nacional;Jornada a tiempo parcial;Porcentaje;2012T2;14.7
Total nacional;Jornada a tiempo parcial;Porcentaje;2012T1;14.1
Total nacional;Jornada a tiempo parcial;Porcentaje;2011T4;13.5
Total nacional;Jornada a tiempo parcial;Porcentaje;2011T3;13.0
Total nacional;Jornada a tiempo parcial;Porcentaje;2011T2;13.9
Total nacional;Jornada a tiempo parcial;Porcentaje;2011T1;13.9
Total nacional;Jornada a tiempo parcial;Porcentaje;2010T4;13.2
Total nacional;Jornada a tiempo parcial;Porcentaje;2010T3;12.5
Total nacional;Jornada a tiempo parcial;Porcentaje;2010T2;13.2
Total nacional;Jornada a tiempo parcial;Porcentaje;2010T1;13.1
Total nacional;Jornada a tiempo parcial;Porcentaje;2009T4;13.0
Total nacional;Jornada a tiempo parcial;Porcentaje;2009T3;12.0
Total nacional;Jornada a tiempo parcial;Porcentaje;2009T2;12.7
Total nacional;Jornada a tiempo parcial;Porcentaje;2009T1;12.5
Total nacional;Jornada a tiempo parcial;Porcentaje;2008T4;12.3
Total nacional;Jornada a tiempo parcial;Porcentaje;2008T3;11.2
Total nacional;Jornada a tiempo parcial;Porcentaje;2008T2;11.8
Total nacional;Jornada a tiempo parcial;Porcentaje;2008T1;11.8
Hostelería;Total;Valor absoluto;2026T2;1963.4
Hostelería;Total;Valor absoluto;2026T1;1770.6
Hostelería;Total;Valor absoluto;2025T4;1818.5
Hostelería;Total;Valor absoluto;2025T3;1910.8
Hostelería;Total;Valor absoluto;2025T2;1880.5
Hostelería;Total;Valor absoluto;2025T1;1700.0
Hostelería;Total;Valor absoluto;2024T4;1842.8
Hostelería;Total;Valor absoluto;2024T3;1941.6
Hostelería;Total;Valor absoluto;2024T2;1905.1
Hostelería;Total;Valor absoluto;2024T1;1716.4
Hostelería;Total;Valor absoluto;2023T4;1698.7
Hostelería;Total;Valor absoluto;2023T3;1887.8
Hostelería;Total;Valor absoluto;2023T2;1855.8
Hostelería;Total;Valor absoluto;2023T1;1583.4
Hostelería;Total;Valor absoluto;2022T4;1650.5
Hostelería;Total;Valor absoluto;2022T3;1776.8
Hostelería;Total;Valor absoluto;2022T2;1723.3
Hostelería;Total;Valor absoluto;2022T1;1514.5
Hostelería;Total;Valor absoluto;2021T4;1521.7
Hostelería;Total;Valor absoluto;2021T3;1662.8
Hostelería;Total;Valor absoluto;2021T2;1446.9
Hostelería;Total;Valor absoluto;2021T1;1239.2
Hostelería;Total;Valor absoluto;2020T4;1297.9
Hostelería;Total;Valor absoluto;2020T3;1486.0
Hostelería;Total;Valor absoluto;2020T2;1366.2
Hostelería;Total;Valor absoluto;2020T1;1578.1
Hostelería;Total;Valor absoluto;2019T4;1692.9
Hostelería;Total;Valor absoluto;2019T3;1841.1
Hostelería;Total;Valor absoluto;2019T2;1747.1
Hostelería;Total;Valor absoluto;2019T1;1580.4
Hostelería;Total;Valor absoluto;2018T4;1667.3
Hostelería;Total;Valor absoluto;2018T3;1848.1
Hostelería;Total;Valor absoluto;2018T2;1757.0
Hostelería;Total;Valor absoluto;2018T1;1558.5
Hostelería;Total;Valor absoluto;2017T4;1654.5
Hostelería;Total;Valor absoluto;2017T3;1749.3
Hostelería;Total;Valor absoluto;2017T2;1658.8
Hostelería;Total;Valor absoluto;2017T1;1485.9
Hostelería;Total;Valor absoluto;2016T4;1566.7
Hostelería;Total;Valor absoluto;2016T3;1701.2
Hostelería;Total;Valor absoluto;2016T2;1644.7
Hostelería;Total;Valor absoluto;2016T1;1503.9
Hostelería;Total;Valor absoluto;2015T4;1542.1
Hostelería;Total;Valor absoluto;2015T3;1606.5
Hostelería;Total;Valor absoluto;2015T2;1517.1
Hostelería;Total;Valor absoluto;2015T1;1354.9
Hostelería;Total;Valor absoluto;2014T4;1400.2
Hostelería;Total;Valor absoluto;2014T3;1525.8
Hostelería;Total;Valor absoluto;2014T2;1421.3
Hostelería;Total;Valor absoluto;2014T1;1267.8
Hostelería;Total;Valor absoluto;2013T4;1312.9
Hostelería;Total;Valor absoluto;2013T3;1440.9
Hostelería;Total;Valor absoluto;2013T2;1352.0
Hostelería;Total;Valor absoluto;2013T1;1224.6
Hostelería;Total;Valor absoluto;2012T4;1241.1
Hostelería;Total;Valor absoluto;2012T3;1445.6
Hostelería;Total;Valor absoluto;2012T2;1397.0
Hostelería;Total;Valor absoluto;2012T1;1264.0
Hostelería;Total;Valor absoluto;2011T4;1340.8
Hostelería;Total;Valor absoluto;2011T3;1492.3
Hostelería;Total;Valor absoluto;2011T2;1447.5
Hostelería;Total;Valor absoluto;2011T1;1323.6
Hostelería;Total;Valor absoluto;2010T4;1331.1
Hostelería;Total;Valor absoluto;2010T3;1440.2
Hostelería;Total;Valor absoluto;2010T2;1417.3
Hostelería;Total;Valor absoluto;2010T1;1344.2
Hostelería;Total;Valor absoluto;2009T4;1389.2
Hostelería;Total;Valor absoluto;2009T3;1496.9
Hostelería;Total;Valor absoluto;2009T2;1448.1
Hostelería;Total;Valor absoluto;2009T1;1358.8
Hostelería;Total;Valor absoluto;2008T4;1410.3
Hostelería;Total;Valor absoluto;2008T3;1535.0
Hostelería;Total;Valor absoluto;2008T2;1481.1
Hostelería;Total;Valor absoluto;2008T1;1405.0
Hostelería;Total;Porcentaje;2026T2;100.0
Hostelería;Total;Porcentaje;2026T1;100.0
Hostelería;Total;Porcentaje;2025T4;100.0
Hostelería;Total;Porcentaje;2025T3;100.0
Hostelería;Total;Porcentaje;2025T2;100.0
Hostelería;Total;Porcentaje;2025T1;100.0
Hostelería;Total;Porcentaje;2024T4;100.0
Hostelería;Total;Porcentaje;2024T3;100.0
Hostelería;Total;Porcentaje;2024T2;100.0
Hostelería;Total;Porcentaje;2024T1;100.0
Hostelería;Total;Porcentaje;2023T4;100.0
Hostelería;Total;Porcentaje;2023T3;100.0
Hostelería;Total;Porcentaje;2023T2;100.0
Hostelería;Total;Porcentaje;2023T1;100.0
Hostelería;Total;Porcentaje;2022T4;100.0
Hostelería;Total;Porcentaje;2022T3;100.0
Hostelería;Total;Porcentaje;2022T2;100.0
Hostelería;Total;Porcentaje;2022T1;100.0
Hostelería;Total;Porcentaje;2021T4;100.0
Hostelería;Total;Porcentaje;2021T3;100.0
Hostelería;Total;Porcentaje;2021T2;100.0
Hostelería;Total;Porcentaje;2021T1;100.0
Hostelería;Total;Porcentaje;2020T4;100.0
Hostelería;Total;Porcentaje;2020T3;100.0
Hostelería;Total;Porcentaje;2020T2;100.0
Hostelería;Total;Porcentaje;2020T1;100.0
Hostelería;Total;Porcentaje;2019T4;100.0
Hostelería;Total;Porcentaje;2019T3;100.0
Hostelería;Total;Porcentaje;2019T2;100.0
Hostelería;Total;Porcentaje;2019T1;100.0
Hostelería;Total;Porcentaje;2018T4;100.0
Hostelería;Total;Porcentaje;2018T3;100.0
Hostelería;Total;Porcentaje;2018T2;100.0
Hostelería;Total;Porcentaje;2018T1;100.0
Hostelería;Total;Porcentaje;2017T4;100.0
Hostelería;Total;Porcentaje;2017T3;100.0
Hostelería;Total;Porcentaje;2017T2;100.0
Hostelería;Total;Porcentaje;2017T1;100.0
Hostelería;Total;Porcentaje;2016T4;100.0
Hostelería;Total;Porcentaje;2016T3;100.0
Hostelería;Total;Porcentaje;2016T2;100.0
Hostelería;Total;Porcentaje;2016T1;100.0
Hostelería;Total;Porcentaje;2015T4;100.0
Hostelería;Total;Porcentaje;2015T3;100.0
Hostelería;Total;Porcentaje;2015T2;100.0
Hostelería;Total;Porcentaje;2015T1;100.0
Hostelería;Total;Porcentaje;2014T4;100.0
Hostelería;Total;Porcentaje;2014T3;100.0
Hostelería;Total;Porcentaje;2014T2;100.0
Hostelería;Total;Porcentaje;2014T1;100.0
Hostelería;Total;Porcentaje;2013T4;100.0
Hostelería;Total;Porcentaje;2013T3;100.0
Hostelería;Total;Porcentaje;2013T2;100.0
Hostelería;Total;Porcentaje;2013T1;100.0
Hostelería;Total;Porcentaje;2012T4;100.0
Hostelería;Total;Porcentaje;2012T3;100.0
Hostelería;Total;Porcentaje;2012T2;100.0
Hostelería;Total;Porcentaje;2012T1;100.0
Hostelería;Total;Porcentaje;2011T4;100.0
Hostelería;Total;Porcentaje;2011T3;100.0
Hostelería;Total;Porcentaje;2011T2;100.0
Hostelería;Total;Porcentaje;2011T1;100.0
Hostelería;Total;Porcentaje;2010T4;100.0
Hostelería;Total;Porcentaje;2010T3;100.0
Hostelería;Total;Porcentaje;2010T2;100.0
Hostelería;Total;Porcentaje;2010T1;100.0
Hostelería;Total;Porcentaje;2009T4;100.0
Hostelería;Total;Porcentaje;2009T3;100.0
Hostelería;Total;Porcentaje;2009T2;100.0
Hostelería;Total;Porcentaje;2009T1;100.0
Hostelería;Total;Porcentaje;2008T4;100.0
Hostelería;Total;Porcentaje;2008T3;100.0
Hostelería;Total;Porcentaje;2008T2;100.0
Hostelería;Total;Porcentaje;2008T1;100.0
Hostelería;Jornada a tiempo completo;Valor absoluto;2026T2;1490.2
Hostelería;Jornada a tiempo completo;Valor absoluto;2026T1;1328.7
Hostelería;Jornada a tiempo completo;Valor absoluto;2025T4;1385.5
Hostelería;Jornada a tiempo completo;Valor absoluto;2025T3;1497.8
Hostelería;Jornada a tiempo completo;Valor absoluto;2025T2;1413.8
Hostelería;Jornada a tiempo completo;Valor absoluto;2025T1;1300.7
Hostelería;Jornada a tiempo completo;Valor absoluto;2024T4;1407.7
Hostelería;Jornada a tiempo completo;Valor absoluto;2024T3;1541.9
Hostelería;Jornada a tiempo completo;Valor absoluto;2024T2;1448.3
Hostelería;Jornada a tiempo completo;Valor absoluto;2024T1;1280.3
Hostelería;Jornada a tiempo completo;Valor absoluto;2023T4;1279.0
Hostelería;Jornada a tiempo completo;Valor absoluto;2023T3;1489.6
Hostelería;Jornada a tiempo completo;Valor absoluto;2023T2;1421.0
Hostelería;Jornada a tiempo completo;Valor absoluto;2023T1;1183.0
Hostelería;Jornada a tiempo completo;Valor absoluto;2022T4;1249.6
Hostelería;Jornada a tiempo completo;Valor absoluto;2022T3;1391.2
Hostelería;Jornada a tiempo completo;Valor absoluto;2022T2;1308.0
Hostelería;Jornada a tiempo completo;Valor absoluto;2022T1;1105.2
Hostelería;Jornada a tiempo completo;Valor absoluto;2021T4;1093.5
Hostelería;Jornada a tiempo completo;Valor absoluto;2021T3;1262.8
Hostelería;Jornada a tiempo completo;Valor absoluto;2021T2;1027.8
Hostelería;Jornada a tiempo completo;Valor absoluto;2021T1;878.3
Hostelería;Jornada a tiempo completo;Valor absoluto;2020T4;910.3
Hostelería;Jornada a tiempo completo;Valor absoluto;2020T3;1136.3
Hostelería;Jornada a tiempo completo;Valor absoluto;2020T2;1066.3
Hostelería;Jornada a tiempo completo;Valor absoluto;2020T1;1177.5
Hostelería;Jornada a tiempo completo;Valor absoluto;2019T4;1255.4
Hostelería;Jornada a tiempo completo;Valor absoluto;2019T3;1416.5
Hostelería;Jornada a tiempo completo;Valor absoluto;2019T2;1303.0
Hostelería;Jornada a tiempo completo;Valor absoluto;2019T1;1158.6
Hostelería;Jornada a tiempo completo;Valor absoluto;2018T4;1253.6
Hostelería;Jornada a tiempo completo;Valor absoluto;2018T3;1430.2
Hostelería;Jornada a tiempo completo;Valor absoluto;2018T2;1303.7
Hostelería;Jornada a tiempo completo;Valor absoluto;2018T1;1148.6
Hostelería;Jornada a tiempo completo;Valor absoluto;2017T4;1219.1
Hostelería;Jornada a tiempo completo;Valor absoluto;2017T3;1342.5
Hostelería;Jornada a tiempo completo;Valor absoluto;2017T2;1211.9
Hostelería;Jornada a tiempo completo;Valor absoluto;2017T1;1080.6
Hostelería;Jornada a tiempo completo;Valor absoluto;2016T4;1147.3
Hostelería;Jornada a tiempo completo;Valor absoluto;2016T3;1283.8
Hostelería;Jornada a tiempo completo;Valor absoluto;2016T2;1223.1
Hostelería;Jornada a tiempo completo;Valor absoluto;2016T1;1101.4
Hostelería;Jornada a tiempo completo;Valor absoluto;2015T4;1139.6
Hostelería;Jornada a tiempo completo;Valor absoluto;2015T3;1191.7
Hostelería;Jornada a tiempo completo;Valor absoluto;2015T2;1097.8
Hostelería;Jornada a tiempo completo;Valor absoluto;2015T1;985.2
Hostelería;Jornada a tiempo completo;Valor absoluto;2014T4;1014.5
Hostelería;Jornada a tiempo completo;Valor absoluto;2014T3;1157.1
Hostelería;Jornada a tiempo completo;Valor absoluto;2014T2;1015.5
Hostelería;Jornada a tiempo completo;Valor absoluto;2014T1;897.6
Hostelería;Jornada a tiempo completo;Valor absoluto;2013T4;943.6
Hostelería;Jornada a tiempo completo;Valor absoluto;2013T3;1086.0
Hostelería;Jornada a tiempo completo;Valor absoluto;2013T2;994.0
Hostelería;Jornada a tiempo completo;Valor absoluto;2013T1;888.4
Hostelería;Jornada a tiempo completo;Valor absoluto;2012T4;917.3
Hostelería;Jornada a tiempo completo;Valor absoluto;2012T3;1124.4
Hostelería;Jornada a tiempo completo;Valor absoluto;2012T2;1041.4
Hostelería;Jornada a tiempo completo;Valor absoluto;2012T1;962.4
Hostelería;Jornada a tiempo completo;Valor absoluto;2011T4;1037.4
Hostelería;Jornada a tiempo completo;Valor absoluto;2011T3;1181.0
Hostelería;Jornada a tiempo completo;Valor absoluto;2011T2;1126.1
Hostelería;Jornada a tiempo completo;Valor absoluto;2011T1;1006.2
Hostelería;Jornada a tiempo completo;Valor absoluto;2010T4;1044.4
Hostelería;Jornada a tiempo completo;Valor absoluto;2010T3;1166.3
Hostelería;Jornada a tiempo completo;Valor absoluto;2010T2;1120.2
Hostelería;Jornada a tiempo completo;Valor absoluto;2010T1;1067.9
Hostelería;Jornada a tiempo completo;Valor absoluto;2009T4;1096.9
Hostelería;Jornada a tiempo completo;Valor absoluto;2009T3;1233.2
Hostelería;Jornada a tiempo completo;Valor absoluto;2009T2;1170.0
Hostelería;Jornada a tiempo completo;Valor absoluto;2009T1;1092.0
Hostelería;Jornada a tiempo completo;Valor absoluto;2008T4;1148.3
Hostelería;Jornada a tiempo completo;Valor absoluto;2008T3;1288.8
Hostelería;Jornada a tiempo completo;Valor absoluto;2008T2;1219.4
Hostelería;Jornada a tiempo completo;Valor absoluto;2008T1;1150.4
Hostelería;Jornada a tiempo completo;Porcentaje;2026T2;75.9
Hostelería;Jornada a tiempo completo;Porcentaje;2026T1;75.0
Hostelería;Jornada a tiempo completo;Porcentaje;2025T4;76.2
Hostelería;Jornada a tiempo completo;Porcentaje;2025T3;78.4
Hostelería;Jornada a tiempo completo;Porcentaje;2025T2;75.2
Hostelería;Jornada a tiempo completo;Porcentaje;2025T1;76.5
Hostelería;Jornada a tiempo completo;Porcentaje;2024T4;76.4
Hostelería;Jornada a tiempo completo;Porcentaje;2024T3;79.4
Hostelería;Jornada a tiempo completo;Porcentaje;2024T2;76.0
Hostelería;Jornada a tiempo completo;Porcentaje;2024T1;74.6
Hostelería;Jornada a tiempo completo;Porcentaje;2023T4;75.3
Hostelería;Jornada a tiempo completo;Porcentaje;2023T3;78.9
Hostelería;Jornada a tiempo completo;Porcentaje;2023T2;76.6
Hostelería;Jornada a tiempo completo;Porcentaje;2023T1;74.7
Hostelería;Jornada a tiempo completo;Porcentaje;2022T4;75.7
Hostelería;Jornada a tiempo completo;Porcentaje;2022T3;78.3
Hostelería;Jornada a tiempo completo;Porcentaje;2022T2;75.9
Hostelería;Jornada a tiempo completo;Porcentaje;2022T1;73.0
Hostelería;Jornada a tiempo completo;Porcentaje;2021T4;71.9
Hostelería;Jornada a tiempo completo;Porcentaje;2021T3;75.9
Hostelería;Jornada a tiempo completo;Porcentaje;2021T2;71.0
Hostelería;Jornada a tiempo completo;Porcentaje;2021T1;70.9
Hostelería;Jornada a tiempo completo;Porcentaje;2020T4;70.1
Hostelería;Jornada a tiempo completo;Porcentaje;2020T3;76.5
Hostelería;Jornada a tiempo completo;Porcentaje;2020T2;78.0
Hostelería;Jornada a tiempo completo;Porcentaje;2020T1;74.6
Hostelería;Jornada a tiempo completo;Porcentaje;2019T4;74.2
Hostelería;Jornada a tiempo completo;Porcentaje;2019T3;76.9
Hostelería;Jornada a tiempo completo;Porcentaje;2019T2;74.6
Hostelería;Jornada a tiempo completo;Porcentaje;2019T1;73.3
Hostelería;Jornada a tiempo completo;Porcentaje;2018T4;75.2
Hostelería;Jornada a tiempo completo;Porcentaje;2018T3;77.4
Hostelería;Jornada a tiempo completo;Porcentaje;2018T2;74.2
Hostelería;Jornada a tiempo completo;Porcentaje;2018T1;73.7
Hostelería;Jornada a tiempo completo;Porcentaje;2017T4;73.7
Hostelería;Jornada a tiempo completo;Porcentaje;2017T3;76.7
Hostelería;Jornada a tiempo completo;Porcentaje;2017T2;73.1
Hostelería;Jornada a tiempo completo;Porcentaje;2017T1;72.7
Hostelería;Jornada a tiempo completo;Porcentaje;2016T4;73.2
Hostelería;Jornada a tiempo completo;Porcentaje;2016T3;75.5
Hostelería;Jornada a tiempo completo;Porcentaje;2016T2;74.4
Hostelería;Jornada a tiempo completo;Porcentaje;2016T1;73.2
Hostelería;Jornada a tiempo completo;Porcentaje;2015T4;73.9
Hostelería;Jornada a tiempo completo;Porcentaje;2015T3;74.2
Hostelería;Jornada a tiempo completo;Porcentaje;2015T2;72.4
Hostelería;Jornada a tiempo completo;Porcentaje;2015T1;72.7
Hostelería;Jornada a tiempo completo;Porcentaje;2014T4;72.5
Hostelería;Jornada a tiempo completo;Porcentaje;2014T3;75.8
Hostelería;Jornada a tiempo completo;Porcentaje;2014T2;71.4
Hostelería;Jornada a tiempo completo;Porcentaje;2014T1;70.8
Hostelería;Jornada a tiempo completo;Porcentaje;2013T4;71.9
Hostelería;Jornada a tiempo completo;Porcentaje;2013T3;75.4
Hostelería;Jornada a tiempo completo;Porcentaje;2013T2;73.5
Hostelería;Jornada a tiempo completo;Porcentaje;2013T1;72.5
Hostelería;Jornada a tiempo completo;Porcentaje;2012T4;73.9
Hostelería;Jornada a tiempo completo;Porcentaje;2012T3;77.8
Hostelería;Jornada a tiempo completo;Porcentaje;2012T2;74.5
Hostelería;Jornada a tiempo completo;Porcentaje;2012T1;76.1
Hostelería;Jornada a tiempo completo;Porcentaje;2011T4;77.4
Hostelería;Jornada a tiempo completo;Porcentaje;2011T3;79.1
Hostelería;Jornada a tiempo completo;Porcentaje;2011T2;77.8
Hostelería;Jornada a tiempo completo;Porcentaje;2011T1;76.0
Hostelería;Jornada a tiempo completo;Porcentaje;2010T4;78.5
Hostelería;Jornada a tiempo completo;Porcentaje;2010T3;81.0
Hostelería;Jornada a tiempo completo;Porcentaje;2010T2;79.0
Hostelería;Jornada a tiempo completo;Porcentaje;2010T1;79.4
Hostelería;Jornada a tiempo completo;Porcentaje;2009T4;79.0
Hostelería;Jornada a tiempo completo;Porcentaje;2009T3;82.4
Hostelería;Jornada a tiempo completo;Porcentaje;2009T2;80.8
Hostelería;Jornada a tiempo completo;Porcentaje;2009T1;80.4
Hostelería;Jornada a tiempo completo;Porcentaje;2008T4;81.4
Hostelería;Jornada a tiempo completo;Porcentaje;2008T3;84.0
Hostelería;Jornada a tiempo completo;Porcentaje;2008T2;82.3
Hostelería;Jornada a tiempo completo;Porcentaje;2008T1;81.9
Hostelería;Jornada a tiempo parcial;Valor absoluto;2026T2;473.1
Hostelería;Jornada a tiempo parcial;Valor absoluto;2026T1;441.9
Hostelería;Jornada a tiempo parcial;Valor absoluto;2025T4;433.1
Hostelería;Jornada a tiempo parcial;Valor absoluto;2025T3;413.1
Hostelería;Jornada a tiempo parcial;Valor absoluto;2025T2;466.8
Hostelería;Jornada a tiempo parcial;Valor absoluto;2025T1;399.2
Hostelería;Jornada a tiempo parcial;Valor absoluto;2024T4;435.0
Hostelería;Jornada a tiempo parcial;Valor absoluto;2024T3;399.7
Hostelería;Jornada a tiempo parcial;Valor absoluto;2024T2;456.8
Hostelería;Jornada a tiempo parcial;Valor absoluto;2024T1;436.1
Hostelería;Jornada a tiempo parcial;Valor absoluto;2023T4;419.7
Hostelería;Jornada a tiempo parcial;Valor absoluto;2023T3;398.2
Hostelería;Jornada a tiempo parcial;Valor absoluto;2023T2;434.8
Hostelería;Jornada a tiempo parcial;Valor absoluto;2023T1;400.5
Hostelería;Jornada a tiempo parcial;Valor absoluto;2022T4;400.9
Hostelería;Jornada a tiempo parcial;Valor absoluto;2022T3;385.6
Hostelería;Jornada a tiempo parcial;Valor absoluto;2022T2;415.3
Hostelería;Jornada a tiempo parcial;Valor absoluto;2022T1;409.3
Hostelería;Jornada a tiempo parcial;Valor absoluto;2021T4;428.2
Hostelería;Jornada a tiempo parcial;Valor absoluto;2021T3;400.0
Hostelería;Jornada a tiempo parcial;Valor absoluto;2021T2;419.1
Hostelería;Jornada a tiempo parcial;Valor absoluto;2021T1;360.9
Hostelería;Jornada a tiempo parcial;Valor absoluto;2020T4;387.7
Hostelería;Jornada a tiempo parcial;Valor absoluto;2020T3;349.7
Hostelería;Jornada a tiempo parcial;Valor absoluto;2020T2;299.9
Hostelería;Jornada a tiempo parcial;Valor absoluto;2020T1;400.7
Hostelería;Jornada a tiempo parcial;Valor absoluto;2019T4;437.5
Hostelería;Jornada a tiempo parcial;Valor absoluto;2019T3;424.6
Hostelería;Jornada a tiempo parcial;Valor absoluto;2019T2;444.2
Hostelería;Jornada a tiempo parcial;Valor absoluto;2019T1;421.8
Hostelería;Jornada a tiempo parcial;Valor absoluto;2018T4;413.7
Hostelería;Jornada a tiempo parcial;Valor absoluto;2018T3;417.9
Hostelería;Jornada a tiempo parcial;Valor absoluto;2018T2;453.3
Hostelería;Jornada a tiempo parcial;Valor absoluto;2018T1;409.9
Hostelería;Jornada a tiempo parcial;Valor absoluto;2017T4;435.4
Hostelería;Jornada a tiempo parcial;Valor absoluto;2017T3;406.8
Hostelería;Jornada a tiempo parcial;Valor absoluto;2017T2;446.9
Hostelería;Jornada a tiempo parcial;Valor absoluto;2017T1;405.3
Hostelería;Jornada a tiempo parcial;Valor absoluto;2016T4;419.3
Hostelería;Jornada a tiempo parcial;Valor absoluto;2016T3;417.5
Hostelería;Jornada a tiempo parcial;Valor absoluto;2016T2;421.6
Hostelería;Jornada a tiempo parcial;Valor absoluto;2016T1;402.6
Hostelería;Jornada a tiempo parcial;Valor absoluto;2015T4;402.5
Hostelería;Jornada a tiempo parcial;Valor absoluto;2015T3;414.9
Hostelería;Jornada a tiempo parcial;Valor absoluto;2015T2;419.3
Hostelería;Jornada a tiempo parcial;Valor absoluto;2015T1;369.7
Hostelería;Jornada a tiempo parcial;Valor absoluto;2014T4;385.7
Hostelería;Jornada a tiempo parcial;Valor absoluto;2014T3;368.7
Hostelería;Jornada a tiempo parcial;Valor absoluto;2014T2;405.8
Hostelería;Jornada a tiempo parcial;Valor absoluto;2014T1;370.2
Hostelería;Jornada a tiempo parcial;Valor absoluto;2013T4;369.3
Hostelería;Jornada a tiempo parcial;Valor absoluto;2013T3;354.8
Hostelería;Jornada a tiempo parcial;Valor absoluto;2013T2;358.0
Hostelería;Jornada a tiempo parcial;Valor absoluto;2013T1;336.2
Hostelería;Jornada a tiempo parcial;Valor absoluto;2012T4;323.9
Hostelería;Jornada a tiempo parcial;Valor absoluto;2012T3;321.2
Hostelería;Jornada a tiempo parcial;Valor absoluto;2012T2;355.6
Hostelería;Jornada a tiempo parcial;Valor absoluto;2012T1;301.6
Hostelería;Jornada a tiempo parcial;Valor absoluto;2011T4;303.4
Hostelería;Jornada a tiempo parcial;Valor absoluto;2011T3;311.3
Hostelería;Jornada a tiempo parcial;Valor absoluto;2011T2;321.4
Hostelería;Jornada a tiempo parcial;Valor absoluto;2011T1;317.4
Hostelería;Jornada a tiempo parcial;Valor absoluto;2010T4;286.7
Hostelería;Jornada a tiempo parcial;Valor absoluto;2010T3;273.8
Hostelería;Jornada a tiempo parcial;Valor absoluto;2010T2;297.1
Hostelería;Jornada a tiempo parcial;Valor absoluto;2010T1;276.3
Hostelería;Jornada a tiempo parcial;Valor absoluto;2009T4;292.3
Hostelería;Jornada a tiempo parcial;Valor absoluto;2009T3;263.7
Hostelería;Jornada a tiempo parcial;Valor absoluto;2009T2;278.0
Hostelería;Jornada a tiempo parcial;Valor absoluto;2009T1;266.8
Hostelería;Jornada a tiempo parcial;Valor absoluto;2008T4;261.9
Hostelería;Jornada a tiempo parcial;Valor absoluto;2008T3;246.2
Hostelería;Jornada a tiempo parcial;Valor absoluto;2008T2;261.7
Hostelería;Jornada a tiempo parcial;Valor absoluto;2008T1;254.6
Hostelería;Jornada a tiempo parcial;Porcentaje;2026T2;24.1
Hostelería;Jornada a tiempo parcial;Porcentaje;2026T1;25.0
Hostelería;Jornada a tiempo parcial;Porcentaje;2025T4;23.8
Hostelería;Jornada a tiempo parcial;Porcentaje;2025T3;21.6
Hostelería;Jornada a tiempo parcial;Porcentaje;2025T2;24.8
Hostelería;Jornada a tiempo parcial;Porcentaje;2025T1;23.5
Hostelería;Jornada a tiempo parcial;Porcentaje;2024T4;23.6
Hostelería;Jornada a tiempo parcial;Porcentaje;2024T3;20.6
Hostelería;Jornada a tiempo parcial;Porcentaje;2024T2;24.0
Hostelería;Jornada a tiempo parcial;Porcentaje;2024T1;25.4
Hostelería;Jornada a tiempo parcial;Porcentaje;2023T4;24.7
Hostelería;Jornada a tiempo parcial;Porcentaje;2023T3;21.1
Hostelería;Jornada a tiempo parcial;Porcentaje;2023T2;23.4
Hostelería;Jornada a tiempo parcial;Porcentaje;2023T1;25.3
Hostelería;Jornada a tiempo parcial;Porcentaje;2022T4;24.3
Hostelería;Jornada a tiempo parcial;Porcentaje;2022T3;21.7
Hostelería;Jornada a tiempo parcial;Porcentaje;2022T2;24.1
Hostelería;Jornada a tiempo parcial;Porcentaje;2022T1;27.0
Hostelería;Jornada a tiempo parcial;Porcentaje;2021T4;28.1
Hostelería;Jornada a tiempo parcial;Porcentaje;2021T3;24.1
Hostelería;Jornada a tiempo parcial;Porcentaje;2021T2;29.0
Hostelería;Jornada a tiempo parcial;Porcentaje;2021T1;29.1
Hostelería;Jornada a tiempo parcial;Porcentaje;2020T4;29.9
Hostelería;Jornada a tiempo parcial;Porcentaje;2020T3;23.5
Hostelería;Jornada a tiempo parcial;Porcentaje;2020T2;22.0
Hostelería;Jornada a tiempo parcial;Porcentaje;2020T1;25.4
Hostelería;Jornada a tiempo parcial;Porcentaje;2019T4;25.8
Hostelería;Jornada a tiempo parcial;Porcentaje;2019T3;23.1
Hostelería;Jornada a tiempo parcial;Porcentaje;2019T2;25.4
Hostelería;Jornada a tiempo parcial;Porcentaje;2019T1;26.7
Hostelería;Jornada a tiempo parcial;Porcentaje;2018T4;24.8
Hostelería;Jornada a tiempo parcial;Porcentaje;2018T3;22.6
Hostelería;Jornada a tiempo parcial;Porcentaje;2018T2;25.8
Hostelería;Jornada a tiempo parcial;Porcentaje;2018T1;26.3
Hostelería;Jornada a tiempo parcial;Porcentaje;2017T4;26.3
Hostelería;Jornada a tiempo parcial;Porcentaje;2017T3;23.3
Hostelería;Jornada a tiempo parcial;Porcentaje;2017T2;26.9
Hostelería;Jornada a tiempo parcial;Porcentaje;2017T1;27.3
Hostelería;Jornada a tiempo parcial;Porcentaje;2016T4;26.8
Hostelería;Jornada a tiempo parcial;Porcentaje;2016T3;24.5
Hostelería;Jornada a tiempo parcial;Porcentaje;2016T2;25.6
Hostelería;Jornada a tiempo parcial;Porcentaje;2016T1;26.8
Hostelería;Jornada a tiempo parcial;Porcentaje;2015T4;26.1
Hostelería;Jornada a tiempo parcial;Porcentaje;2015T3;25.8
Hostelería;Jornada a tiempo parcial;Porcentaje;2015T2;27.6
Hostelería;Jornada a tiempo parcial;Porcentaje;2015T1;27.3
Hostelería;Jornada a tiempo parcial;Porcentaje;2014T4;27.5
Hostelería;Jornada a tiempo parcial;Porcentaje;2014T3;24.2
Hostelería;Jornada a tiempo parcial;Porcentaje;2014T2;28.6
Hostelería;Jornada a tiempo parcial;Porcentaje;2014T1;29.2
Hostelería;Jornada a tiempo parcial;Porcentaje;2013T4;28.1
Hostelería;Jornada a tiempo parcial;Porcentaje;2013T3;24.6
Hostelería;Jornada a tiempo parcial;Porcentaje;2013T2;26.5
Hostelería;Jornada a tiempo parcial;Porcentaje;2013T1;27.5
Hostelería;Jornada a tiempo parcial;Porcentaje;2012T4;26.1
Hostelería;Jornada a tiempo parcial;Porcentaje;2012T3;22.2
Hostelería;Jornada a tiempo parcial;Porcentaje;2012T2;25.5
Hostelería;Jornada a tiempo parcial;Porcentaje;2012T1;23.9
Hostelería;Jornada a tiempo parcial;Porcentaje;2011T4;22.6
Hostelería;Jornada a tiempo parcial;Porcentaje;2011T3;20.9
Hostelería;Jornada a tiempo parcial;Porcentaje;2011T2;22.2
Hostelería;Jornada a tiempo parcial;Porcentaje;2011T1;24.0
Hostelería;Jornada a tiempo parcial;Porcentaje;2010T4;21.5
Hostelería;Jornada a tiempo parcial;Porcentaje;2010T3;19.0
Hostelería;Jornada a tiempo parcial;Porcentaje;2010T2;21.0
Hostelería;Jornada a tiempo parcial;Porcentaje;2010T1;20.6
Hostelería;Jornada a tiempo parcial;Porcentaje;2009T4;21.0
Hostelería;Jornada a tiempo parcial;Porcentaje;2009T3;17.6
Hostelería;Jornada a tiempo parcial;Porcentaje;2009T2;19.2
Hostelería;Jornada a tiempo parcial;Porcentaje;2009T1;19.6
Hostelería;Jornada a tiempo parcial;Porcentaje;2008T4;18.6
Hostelería;Jornada a tiempo parcial;Porcentaje;2008T3;16.0
Hostelería;Jornada a tiempo parcial;Porcentaje;2008T2;17.7
Hostelería;Jornada a tiempo parcial;Porcentaje;2008T1;18.1
Información y comunicaciones;Total;Valor absoluto;2026T2;814.1
Información y comunicaciones;Total;Valor absoluto;2026T1;782.4
Información y comunicaciones;Total;Valor absoluto;2025T4;833.9
Información y comunicaciones;Total;Valor absoluto;2025T3;823.4
Información y comunicaciones;Total;Valor absoluto;2025T2;862.5
Información y comunicaciones;Total;Valor absoluto;2025T1;840.7
Información y comunicaciones;Total;Valor absoluto;2024T4;844.3
Información y comunicaciones;Total;Valor absoluto;2024T3;843.3
Información y comunicaciones;Total;Valor absoluto;2024T2;823.2
Información y comunicaciones;Total;Valor absoluto;2024T1;815.9
Información y comunicaciones;Total;Valor absoluto;2023T4;772.2
Información y comunicaciones;Total;Valor absoluto;2023T3;758.1
Información y comunicaciones;Total;Valor absoluto;2023T2;763.0
Información y comunicaciones;Total;Valor absoluto;2023T1;720.5
Información y comunicaciones;Total;Valor absoluto;2022T4;716.1
Información y comunicaciones;Total;Valor absoluto;2022T3;762.1
Información y comunicaciones;Total;Valor absoluto;2022T2;737.4
Información y comunicaciones;Total;Valor absoluto;2022T1;734.2
Información y comunicaciones;Total;Valor absoluto;2021T4;705.8
Información y comunicaciones;Total;Valor absoluto;2021T3;683.1
Información y comunicaciones;Total;Valor absoluto;2021T2;654.8
Información y comunicaciones;Total;Valor absoluto;2021T1;622.5
Información y comunicaciones;Total;Valor absoluto;2020T4;602.2
Información y comunicaciones;Total;Valor absoluto;2020T3;615.3
Información y comunicaciones;Total;Valor absoluto;2020T2;623.2
Información y comunicaciones;Total;Valor absoluto;2020T1;611.4
Información y comunicaciones;Total;Valor absoluto;2019T4;606.2
Información y comunicaciones;Total;Valor absoluto;2019T3;604.3
Información y comunicaciones;Total;Valor absoluto;2019T2;616.1
Información y comunicaciones;Total;Valor absoluto;2019T1;583.9
Información y comunicaciones;Total;Valor absoluto;2018T4;591.9
Información y comunicaciones;Total;Valor absoluto;2018T3;589.0
Información y comunicaciones;Total;Valor absoluto;2018T2;571.4
Información y comunicaciones;Total;Valor absoluto;2018T1;587.2
Información y comunicaciones;Total;Valor absoluto;2017T4;607.4
Información y comunicaciones;Total;Valor absoluto;2017T3;598.6
Información y comunicaciones;Total;Valor absoluto;2017T2;577.9
Información y comunicaciones;Total;Valor absoluto;2017T1;555.4
Información y comunicaciones;Total;Valor absoluto;2016T4;560.9
Información y comunicaciones;Total;Valor absoluto;2016T3;532.4
Información y comunicaciones;Total;Valor absoluto;2016T2;531.6
Información y comunicaciones;Total;Valor absoluto;2016T1;557.5
Información y comunicaciones;Total;Valor absoluto;2015T4;545.8
Información y comunicaciones;Total;Valor absoluto;2015T3;554.6
Información y comunicaciones;Total;Valor absoluto;2015T2;510.3
Información y comunicaciones;Total;Valor absoluto;2015T1;510.2
Información y comunicaciones;Total;Valor absoluto;2014T4;537.0
Información y comunicaciones;Total;Valor absoluto;2014T3;521.8
Información y comunicaciones;Total;Valor absoluto;2014T2;501.4
Información y comunicaciones;Total;Valor absoluto;2014T1;502.3
Información y comunicaciones;Total;Valor absoluto;2013T4;528.6
Información y comunicaciones;Total;Valor absoluto;2013T3;523.3
Información y comunicaciones;Total;Valor absoluto;2013T2;515.3
Información y comunicaciones;Total;Valor absoluto;2013T1;524.2
Información y comunicaciones;Total;Valor absoluto;2012T4;525.6
Información y comunicaciones;Total;Valor absoluto;2012T3;526.0
Información y comunicaciones;Total;Valor absoluto;2012T2;547.4
Información y comunicaciones;Total;Valor absoluto;2012T1;539.5
Información y comunicaciones;Total;Valor absoluto;2011T4;538.6
Información y comunicaciones;Total;Valor absoluto;2011T3;531.6
Información y comunicaciones;Total;Valor absoluto;2011T2;539.9
Información y comunicaciones;Total;Valor absoluto;2011T1;523.0
Información y comunicaciones;Total;Valor absoluto;2010T4;528.3
Información y comunicaciones;Total;Valor absoluto;2010T3;547.5
Información y comunicaciones;Total;Valor absoluto;2010T2;516.7
Información y comunicaciones;Total;Valor absoluto;2010T1;518.3
Información y comunicaciones;Total;Valor absoluto;2009T4;519.5
Información y comunicaciones;Total;Valor absoluto;2009T3;522.1
Información y comunicaciones;Total;Valor absoluto;2009T2;535.2
Información y comunicaciones;Total;Valor absoluto;2009T1;556.4
Información y comunicaciones;Total;Valor absoluto;2008T4;576.8
Información y comunicaciones;Total;Valor absoluto;2008T3;599.0
Información y comunicaciones;Total;Valor absoluto;2008T2;581.5
Información y comunicaciones;Total;Valor absoluto;2008T1;543.4
Información y comunicaciones;Total;Porcentaje;2026T2;100.0
Información y comunicaciones;Total;Porcentaje;2026T1;100.0
Información y comunicaciones;Total;Porcentaje;2025T4;100.0
Información y comunicaciones;Total;Porcentaje;2025T3;100.0
Información y comunicaciones;Total;Porcentaje;2025T2;100.0
Información y comunicaciones;Total;Porcentaje;2025T1;100.0
Información y comunicaciones;Total;Porcentaje;2024T4;100.0
Información y comunicaciones;Total;Porcentaje;2024T3;100.0
Información y comunicaciones;Total;Porcentaje;2024T2;100.0
Información y comunicaciones;Total;Porcentaje;2024T1;100.0
Información y comunicaciones;Total;Porcentaje;2023T4;100.0
Información y comunicaciones;Total;Porcentaje;2023T3;100.0
Información y comunicaciones;Total;Porcentaje;2023T2;100.0
Información y comunicaciones;Total;Porcentaje;2023T1;100.0
Información y comunicaciones;Total;Porcentaje;2022T4;100.0
Información y comunicaciones;Total;Porcentaje;2022T3;100.0
Información y comunicaciones;Total;Porcentaje;2022T2;100.0
Información y comunicaciones;Total;Porcentaje;2022T1;100.0
Información y comunicaciones;Total;Porcentaje;2021T4;100.0
Información y comunicaciones;Total;Porcentaje;2021T3;100.0
Información y comunicaciones;Total;Porcentaje;2021T2;100.0
Información y comunicaciones;Total;Porcentaje;2021T1;100.0
Información y comunicaciones;Total;Porcentaje;2020T4;100.0
Información y comunicaciones;Total;Porcentaje;2020T3;100.0
Información y comunicaciones;Total;Porcentaje;2020T2;100.0
Información y comunicaciones;Total;Porcentaje;2020T1;100.0
Información y comunicaciones;Total;Porcentaje;2019T4;100.0
Información y comunicaciones;Total;Porcentaje;2019T3;100.0
Información y comunicaciones;Total;Porcentaje;2019T2;100.0
Información y comunicaciones;Total;Porcentaje;2019T1;100.0
Información y comunicaciones;Total;Porcentaje;2018T4;100.0
Información y comunicaciones;Total;Porcentaje;2018T3;100.0
Información y comunicaciones;Total;Porcentaje;2018T2;100.0
Información y comunicaciones;Total;Porcentaje;2018T1;100.0
Información y comunicaciones;Total;Porcentaje;2017T4;100.0
Información y comunicaciones;Total;Porcentaje;2017T3;100.0
Información y comunicaciones;Total;Porcentaje;2017T2;100.0
Información y comunicaciones;Total;Porcentaje;2017T1;100.0
Información y comunicaciones;Total;Porcentaje;2016T4;100.0
Información y comunicaciones;Total;Porcentaje;2016T3;100.0
Información y comunicaciones;Total;Porcentaje;2016T2;100.0
Información y comunicaciones;Total;Porcentaje;2016T1;100.0
Información y comunicaciones;Total;Porcentaje;2015T4;100.0
Información y comunicaciones;Total;Porcentaje;2015T3;100.0
Información y comunicaciones;Total;Porcentaje;2015T2;100.0
Información y comunicaciones;Total;Porcentaje;2015T1;100.0
Información y comunicaciones;Total;Porcentaje;2014T4;100.0
Información y comunicaciones;Total;Porcentaje;2014T3;100.0
Información y comunicaciones;Total;Porcentaje;2014T2;100.0
Información y comunicaciones;Total;Porcentaje;2014T1;100.0
Información y comunicaciones;Total;Porcentaje;2013T4;100.0
Información y comunicaciones;Total;Porcentaje;2013T3;100.0
Información y comunicaciones;Total;Porcentaje;2013T2;100.0
Información y comunicaciones;Total;Porcentaje;2013T1;100.0
Información y comunicaciones;Total;Porcentaje;2012T4;100.0
Información y comunicaciones;Total;Porcentaje;2012T3;100.0
Información y comunicaciones;Total;Porcentaje;2012T2;100.0
Información y comunicaciones;Total;Porcentaje;2012T1;100.0
Información y comunicaciones;Total;Porcentaje;2011T4;100.0
Información y comunicaciones;Total;Porcentaje;2011T3;100.0
Información y comunicaciones;Total;Porcentaje;2011T2;100.0
Información y comunicaciones;Total;Porcentaje;2011T1;100.0
Información y comunicaciones;Total;Porcentaje;2010T4;100.0
Información y comunicaciones;Total;Porcentaje;2010T3;100.0
Información y comunicaciones;Total;Porcentaje;2010T2;100.0
Información y comunicaciones;Total;Porcentaje;2010T1;100.0
Información y comunicaciones;Total;Porcentaje;2009T4;100.0
Información y comunicaciones;Total;Porcentaje;2009T3;100.0
Información y comunicaciones;Total;Porcentaje;2009T2;100.0
Información y comunicaciones;Total;Porcentaje;2009T1;100.0
Información y comunicaciones;Total;Porcentaje;2008T4;100.0
Información y comunicaciones;Total;Porcentaje;2008T3;100.0
Información y comunicaciones;Total;Porcentaje;2008T2;100.0
Información y comunicaciones;Total;Porcentaje;2008T1;100.0
Información y comunicaciones;Jornada a tiempo completo;Valor absoluto;2026T2;770.6
Información y comunicaciones;Jornada a tiempo completo;Valor absoluto;2026T1;736.7
Información y comunicaciones;Jornada a tiempo completo;Valor absoluto;2025T4;784.1
Información y comunicaciones;Jornada a tiempo completo;Valor absoluto;2025T3;776.8
Información y comunicaciones;Jornada a tiempo completo;Valor absoluto;2025T2;822.5
Información y comunicaciones;Jornada a tiempo completo;Valor absoluto;2025T1;797.9
Información y comunicaciones;Jornada a tiempo completo;Valor absoluto;2024T4;804.3
Información y comunicaciones;Jornada a tiempo completo;Valor absoluto;2024T3;800.6
Información y comunicaciones;Jornada a tiempo completo;Valor absoluto;2024T2;774.4
Información y comunicaciones;Jornada a tiempo completo;Valor absoluto;2024T1;768.4
Información y comunicaciones;Jornada a tiempo completo;Valor absoluto;2023T4;726.0
Información y comunicaciones;Jornada a tiempo completo;Valor absoluto;2023T3;712.9
Información y comunicaciones;Jornada a tiempo completo;Valor absoluto;2023T2;718.3
Información y comunicaciones;Jornada a tiempo completo;Valor absoluto;2023T1;674.8
Información y comunicaciones;Jornada a tiempo completo;Valor absoluto;2022T4;667.6
Información y comunicaciones;Jornada a tiempo completo;Valor absoluto;2022T3;711.1
Información y comunicaciones;Jornada a tiempo completo;Valor absoluto;2022T2;687.2
Información y comunicaciones;Jornada a tiempo completo;Valor absoluto;2022T1;688.9
Información y comunicaciones;Jornada a tiempo completo;Valor absoluto;2021T4;657.7
Información y comunicaciones;Jornada a tiempo completo;Valor absoluto;2021T3;640.4
Información y comunicaciones;Jornada a tiempo completo;Valor absoluto;2021T2;614.4
Información y comunicaciones;Jornada a tiempo completo;Valor absoluto;2021T1;580.9
Información y comunicaciones;Jornada a tiempo completo;Valor absoluto;2020T4;568.4
Información y comunicaciones;Jornada a tiempo completo;Valor absoluto;2020T3;571.6
Información y comunicaciones;Jornada a tiempo completo;Valor absoluto;2020T2;581.5
Información y comunicaciones;Jornada a tiempo completo;Valor absoluto;2020T1;571.5
Información y comunicaciones;Jornada a tiempo completo;Valor absoluto;2019T4;573.1
Información y comunicaciones;Jornada a tiempo completo;Valor absoluto;2019T3;563.1
Información y comunicaciones;Jornada a tiempo completo;Valor absoluto;2019T2;567.3
Información y comunicaciones;Jornada a tiempo completo;Valor absoluto;2019T1;543.2
Información y comunicaciones;Jornada a tiempo completo;Valor absoluto;2018T4;548.6
Información y comunicaciones;Jornada a tiempo completo;Valor absoluto;2018T3;544.7
Información y comunicaciones;Jornada a tiempo completo;Valor absoluto;2018T2;528.0
Información y comunicaciones;Jornada a tiempo completo;Valor absoluto;2018T1;538.8
Información y comunicaciones;Jornada a tiempo completo;Valor absoluto;2017T4;560.8
Información y comunicaciones;Jornada a tiempo completo;Valor absoluto;2017T3;558.5
Información y comunicaciones;Jornada a tiempo completo;Valor absoluto;2017T2;531.4
Información y comunicaciones;Jornada a tiempo completo;Valor absoluto;2017T1;510.4
Información y comunicaciones;Jornada a tiempo completo;Valor absoluto;2016T4;522.4
Información y comunicaciones;Jornada a tiempo completo;Valor absoluto;2016T3;493.3
Información y comunicaciones;Jornada a tiempo completo;Valor absoluto;2016T2;494.2
Información y comunicaciones;Jornada a tiempo completo;Valor absoluto;2016T1;515.2
Información y comunicaciones;Jornada a tiempo completo;Valor absoluto;2015T4;507.0
Información y comunicaciones;Jornada a tiempo completo;Valor absoluto;2015T3;514.4
Información y comunicaciones;Jornada a tiempo completo;Valor absoluto;2015T2;477.3
Información y comunicaciones;Jornada a tiempo completo;Valor absoluto;2015T1;472.5
Información y comunicaciones;Jornada a tiempo completo;Valor absoluto;2014T4;500.0
Información y comunicaciones;Jornada a tiempo completo;Valor absoluto;2014T3;477.8
Información y comunicaciones;Jornada a tiempo completo;Valor absoluto;2014T2;455.4
Información y comunicaciones;Jornada a tiempo completo;Valor absoluto;2014T1;462.2
Información y comunicaciones;Jornada a tiempo completo;Valor absoluto;2013T4;484.7
Información y comunicaciones;Jornada a tiempo completo;Valor absoluto;2013T3;475.7
Información y comunicaciones;Jornada a tiempo completo;Valor absoluto;2013T2;466.6
Información y comunicaciones;Jornada a tiempo completo;Valor absoluto;2013T1;480.6
Información y comunicaciones;Jornada a tiempo completo;Valor absoluto;2012T4;487.6
Información y comunicaciones;Jornada a tiempo completo;Valor absoluto;2012T3;481.8
Información y comunicaciones;Jornada a tiempo completo;Valor absoluto;2012T2;501.4
Información y comunicaciones;Jornada a tiempo completo;Valor absoluto;2012T1;496.4
Información y comunicaciones;Jornada a tiempo completo;Valor absoluto;2011T4;498.1
Información y comunicaciones;Jornada a tiempo completo;Valor absoluto;2011T3;491.4
Información y comunicaciones;Jornada a tiempo completo;Valor absoluto;2011T2;492.6
Información y comunicaciones;Jornada a tiempo completo;Valor absoluto;2011T1;480.3
Información y comunicaciones;Jornada a tiempo completo;Valor absoluto;2010T4;485.2
Información y comunicaciones;Jornada a tiempo completo;Valor absoluto;2010T3;508.0
Información y comunicaciones;Jornada a tiempo completo;Valor absoluto;2010T2;477.4
Información y comunicaciones;Jornada a tiempo completo;Valor absoluto;2010T1;478.3
Información y comunicaciones;Jornada a tiempo completo;Valor absoluto;2009T4;478.2
Información y comunicaciones;Jornada a tiempo completo;Valor absoluto;2009T3;477.1
Información y comunicaciones;Jornada a tiempo completo;Valor absoluto;2009T2;489.4
Información y comunicaciones;Jornada a tiempo completo;Valor absoluto;2009T1;515.9
Información y comunicaciones;Jornada a tiempo completo;Valor absoluto;2008T4;528.8
Información y comunicaciones;Jornada a tiempo completo;Valor absoluto;2008T3;553.7
Información y comunicaciones;Jornada a tiempo completo;Valor absoluto;2008T2;533.9
Información y comunicaciones;Jornada a tiempo completo;Valor absoluto;2008T1;498.8
Información y comunicaciones;Jornada a tiempo completo;Porcentaje;2026T2;94.7
Información y comunicaciones;Jornada a tiempo completo;Porcentaje;2026T1;94.2
Información y comunicaciones;Jornada a tiempo completo;Porcentaje;2025T4;94.0
Información y comunicaciones;Jornada a tiempo completo;Porcentaje;2025T3;94.3
Información y comunicaciones;Jornada a tiempo completo;Porcentaje;2025T2;95.4
Información y comunicaciones;Jornada a tiempo completo;Porcentaje;2025T1;94.9
Información y comunicaciones;Jornada a tiempo completo;Porcentaje;2024T4;95.3
Información y comunicaciones;Jornada a tiempo completo;Porcentaje;2024T3;94.9
Información y comunicaciones;Jornada a tiempo completo;Porcentaje;2024T2;94.1
Información y comunicaciones;Jornada a tiempo completo;Porcentaje;2024T1;94.2
Información y comunicaciones;Jornada a tiempo completo;Porcentaje;2023T4;94.0
Información y comunicaciones;Jornada a tiempo completo;Porcentaje;2023T3;94.0
Información y comunicaciones;Jornada a tiempo completo;Porcentaje;2023T2;94.1
Información y comunicaciones;Jornada a tiempo completo;Porcentaje;2023T1;93.7
Información y comunicaciones;Jornada a tiempo completo;Porcentaje;2022T4;93.2
Información y comunicaciones;Jornada a tiempo completo;Porcentaje;2022T3;93.3
Información y comunicaciones;Jornada a tiempo completo;Porcentaje;2022T2;93.2
Información y comunicaciones;Jornada a tiempo completo;Porcentaje;2022T1;93.8
Información y comunicaciones;Jornada a tiempo completo;Porcentaje;2021T4;93.2
Información y comunicaciones;Jornada a tiempo completo;Porcentaje;2021T3;93.7
Información y comunicaciones;Jornada a tiempo completo;Porcentaje;2021T2;93.8
Información y comunicaciones;Jornada a tiempo completo;Porcentaje;2021T1;93.3
Información y comunicaciones;Jornada a tiempo completo;Porcentaje;2020T4;94.4
Información y comunicaciones;Jornada a tiempo completo;Porcentaje;2020T3;92.9
Información y comunicaciones;Jornada a tiempo completo;Porcentaje;2020T2;93.3
Información y comunicaciones;Jornada a tiempo completo;Porcentaje;2020T1;93.5
Información y comunicaciones;Jornada a tiempo completo;Porcentaje;2019T4;94.5
Información y comunicaciones;Jornada a tiempo completo;Porcentaje;2019T3;93.2
Información y comunicaciones;Jornada a tiempo completo;Porcentaje;2019T2;92.1
Información y comunicaciones;Jornada a tiempo completo;Porcentaje;2019T1;93.0
Información y comunicaciones;Jornada a tiempo completo;Porcentaje;2018T4;92.7
Información y comunicaciones;Jornada a tiempo completo;Porcentaje;2018T3;92.5
Información y comunicaciones;Jornada a tiempo completo;Porcentaje;2018T2;92.4
Información y comunicaciones;Jornada a tiempo completo;Porcentaje;2018T1;91.8
Información y comunicaciones;Jornada a tiempo completo;Porcentaje;2017T4;92.3
Información y comunicaciones;Jornada a tiempo completo;Porcentaje;2017T3;93.3
Información y comunicaciones;Jornada a tiempo completo;Porcentaje;2017T2;92.0
Información y comunicaciones;Jornada a tiempo completo;Porcentaje;2017T1;91.9
Información y comunicaciones;Jornada a tiempo completo;Porcentaje;2016T4;93.1
Información y comunicaciones;Jornada a tiempo completo;Porcentaje;2016T3;92.6
Información y comunicaciones;Jornada a tiempo completo;Porcentaje;2016T2;93.0
Información y comunicaciones;Jornada a tiempo completo;Porcentaje;2016T1;92.4
Información y comunicaciones;Jornada a tiempo completo;Porcentaje;2015T4;92.9
Información y comunicaciones;Jornada a tiempo completo;Porcentaje;2015T3;92.7
Información y comunicaciones;Jornada a tiempo completo;Porcentaje;2015T2;93.5
Información y comunicaciones;Jornada a tiempo completo;Porcentaje;2015T1;92.6
Información y comunicaciones;Jornada a tiempo completo;Porcentaje;2014T4;93.1
Información y comunicaciones;Jornada a tiempo completo;Porcentaje;2014T3;91.6
Información y comunicaciones;Jornada a tiempo completo;Porcentaje;2014T2;90.8
Información y comunicaciones;Jornada a tiempo completo;Porcentaje;2014T1;92.0
Información y comunicaciones;Jornada a tiempo completo;Porcentaje;2013T4;91.7
Información y comunicaciones;Jornada a tiempo completo;Porcentaje;2013T3;90.9
Información y comunicaciones;Jornada a tiempo completo;Porcentaje;2013T2;90.6
Información y comunicaciones;Jornada a tiempo completo;Porcentaje;2013T1;91.7
Información y comunicaciones;Jornada a tiempo completo;Porcentaje;2012T4;92.8
Información y comunicaciones;Jornada a tiempo completo;Porcentaje;2012T3;91.6
Información y comunicaciones;Jornada a tiempo completo;Porcentaje;2012T2;91.6
Información y comunicaciones;Jornada a tiempo completo;Porcentaje;2012T1;92.0
Información y comunicaciones;Jornada a tiempo completo;Porcentaje;2011T4;92.5
Información y comunicaciones;Jornada a tiempo completo;Porcentaje;2011T3;92.4
Información y comunicaciones;Jornada a tiempo completo;Porcentaje;2011T2;91.2
Información y comunicaciones;Jornada a tiempo completo;Porcentaje;2011T1;91.8
Información y comunicaciones;Jornada a tiempo completo;Porcentaje;2010T4;91.9
Información y comunicaciones;Jornada a tiempo completo;Porcentaje;2010T3;92.8
Información y comunicaciones;Jornada a tiempo completo;Porcentaje;2010T2;92.4
Información y comunicaciones;Jornada a tiempo completo;Porcentaje;2010T1;92.3
Información y comunicaciones;Jornada a tiempo completo;Porcentaje;2009T4;92.0
Información y comunicaciones;Jornada a tiempo completo;Porcentaje;2009T3;91.4
Información y comunicaciones;Jornada a tiempo completo;Porcentaje;2009T2;91.4
Información y comunicaciones;Jornada a tiempo completo;Porcentaje;2009T1;92.7
Información y comunicaciones;Jornada a tiempo completo;Porcentaje;2008T4;91.7
Información y comunicaciones;Jornada a tiempo completo;Porcentaje;2008T3;92.4
Información y comunicaciones;Jornada a tiempo completo;Porcentaje;2008T2;91.8
Información y comunicaciones;Jornada a tiempo completo;Porcentaje;2008T1;91.8
Información y comunicaciones;Jornada a tiempo parcial;Valor absoluto;2026T2;43.4
Información y comunicaciones;Jornada a tiempo parcial;Valor absoluto;2026T1;45.7
Información y comunicaciones;Jornada a tiempo parcial;Valor absoluto;2025T4;49.9
Información y comunicaciones;Jornada a tiempo parcial;Valor absoluto;2025T3;46.6
Información y comunicaciones;Jornada a tiempo parcial;Valor absoluto;2025T2;40.0
Información y comunicaciones;Jornada a tiempo parcial;Valor absoluto;2025T1;42.8
Información y comunicaciones;Jornada a tiempo parcial;Valor absoluto;2024T4;40.0
Información y comunicaciones;Jornada a tiempo parcial;Valor absoluto;2024T3;42.7
Información y comunicaciones;Jornada a tiempo parcial;Valor absoluto;2024T2;48.8
Información y comunicaciones;Jornada a tiempo parcial;Valor absoluto;2024T1;47.5
Información y comunicaciones;Jornada a tiempo parcial;Valor absoluto;2023T4;46.3
Información y comunicaciones;Jornada a tiempo parcial;Valor absoluto;2023T3;45.2
Información y comunicaciones;Jornada a tiempo parcial;Valor absoluto;2023T2;44.7
Información y comunicaciones;Jornada a tiempo parcial;Valor absoluto;2023T1;45.6
Información y comunicaciones;Jornada a tiempo parcial;Valor absoluto;2022T4;48.5
Información y comunicaciones;Jornada a tiempo parcial;Valor absoluto;2022T3;51.0
Información y comunicaciones;Jornada a tiempo parcial;Valor absoluto;2022T2;50.2
Información y comunicaciones;Jornada a tiempo parcial;Valor absoluto;2022T1;45.3
Información y comunicaciones;Jornada a tiempo parcial;Valor absoluto;2021T4;48.1
Información y comunicaciones;Jornada a tiempo parcial;Valor absoluto;2021T3;42.7
Información y comunicaciones;Jornada a tiempo parcial;Valor absoluto;2021T2;40.4
Información y comunicaciones;Jornada a tiempo parcial;Valor absoluto;2021T1;41.6
Información y comunicaciones;Jornada a tiempo parcial;Valor absoluto;2020T4;33.8
Información y comunicaciones;Jornada a tiempo parcial;Valor absoluto;2020T3;43.8
Información y comunicaciones;Jornada a tiempo parcial;Valor absoluto;2020T2;41.7
Información y comunicaciones;Jornada a tiempo parcial;Valor absoluto;2020T1;40.0
Información y comunicaciones;Jornada a tiempo parcial;Valor absoluto;2019T4;33.1
Información y comunicaciones;Jornada a tiempo parcial;Valor absoluto;2019T3;41.2
Información y comunicaciones;Jornada a tiempo parcial;Valor absoluto;2019T2;48.8
Información y comunicaciones;Jornada a tiempo parcial;Valor absoluto;2019T1;40.7
Información y comunicaciones;Jornada a tiempo parcial;Valor absoluto;2018T4;43.3
Información y comunicaciones;Jornada a tiempo parcial;Valor absoluto;2018T3;44.3
Información y comunicaciones;Jornada a tiempo parcial;Valor absoluto;2018T2;43.4
Información y comunicaciones;Jornada a tiempo parcial;Valor absoluto;2018T1;48.4
Información y comunicaciones;Jornada a tiempo parcial;Valor absoluto;2017T4;46.5
Información y comunicaciones;Jornada a tiempo parcial;Valor absoluto;2017T3;40.1
Información y comunicaciones;Jornada a tiempo parcial;Valor absoluto;2017T2;46.5
Información y comunicaciones;Jornada a tiempo parcial;Valor absoluto;2017T1;45.1
Información y comunicaciones;Jornada a tiempo parcial;Valor absoluto;2016T4;38.5
Información y comunicaciones;Jornada a tiempo parcial;Valor absoluto;2016T3;39.2
Información y comunicaciones;Jornada a tiempo parcial;Valor absoluto;2016T2;37.4
Información y comunicaciones;Jornada a tiempo parcial;Valor absoluto;2016T1;42.2
Información y comunicaciones;Jornada a tiempo parcial;Valor absoluto;2015T4;38.8
Información y comunicaciones;Jornada a tiempo parcial;Valor absoluto;2015T3;40.2
Información y comunicaciones;Jornada a tiempo parcial;Valor absoluto;2015T2;33.0
Información y comunicaciones;Jornada a tiempo parcial;Valor absoluto;2015T1;37.8
Información y comunicaciones;Jornada a tiempo parcial;Valor absoluto;2014T4;37.0
Información y comunicaciones;Jornada a tiempo parcial;Valor absoluto;2014T3;43.9
Información y comunicaciones;Jornada a tiempo parcial;Valor absoluto;2014T2;45.9
Información y comunicaciones;Jornada a tiempo parcial;Valor absoluto;2014T1;40.1
Información y comunicaciones;Jornada a tiempo parcial;Valor absoluto;2013T4;43.8
Información y comunicaciones;Jornada a tiempo parcial;Valor absoluto;2013T3;47.6
Información y comunicaciones;Jornada a tiempo parcial;Valor absoluto;2013T2;48.7
Información y comunicaciones;Jornada a tiempo parcial;Valor absoluto;2013T1;43.6
Información y comunicaciones;Jornada a tiempo parcial;Valor absoluto;2012T4;38.0
Información y comunicaciones;Jornada a tiempo parcial;Valor absoluto;2012T3;44.2
Información y comunicaciones;Jornada a tiempo parcial;Valor absoluto;2012T2;46.1
Información y comunicaciones;Jornada a tiempo parcial;Valor absoluto;2012T1;43.1
Información y comunicaciones;Jornada a tiempo parcial;Valor absoluto;2011T4;40.5
Información y comunicaciones;Jornada a tiempo parcial;Valor absoluto;2011T3;40.2
Información y comunicaciones;Jornada a tiempo parcial;Valor absoluto;2011T2;47.3
Información y comunicaciones;Jornada a tiempo parcial;Valor absoluto;2011T1;42.7
Información y comunicaciones;Jornada a tiempo parcial;Valor absoluto;2010T4;43.0
Información y comunicaciones;Jornada a tiempo parcial;Valor absoluto;2010T3;39.5
Información y comunicaciones;Jornada a tiempo parcial;Valor absoluto;2010T2;39.3
Información y comunicaciones;Jornada a tiempo parcial;Valor absoluto;2010T1;40.1
Información y comunicaciones;Jornada a tiempo parcial;Valor absoluto;2009T4;41.4
Información y comunicaciones;Jornada a tiempo parcial;Valor absoluto;2009T3;45.0
Información y comunicaciones;Jornada a tiempo parcial;Valor absoluto;2009T2;45.8
Información y comunicaciones;Jornada a tiempo parcial;Valor absoluto;2009T1;40.5
Información y comunicaciones;Jornada a tiempo parcial;Valor absoluto;2008T4;48.0
Información y comunicaciones;Jornada a tiempo parcial;Valor absoluto;2008T3;45.2
Información y comunicaciones;Jornada a tiempo parcial;Valor absoluto;2008T2;47.6
Información y comunicaciones;Jornada a tiempo parcial;Valor absoluto;2008T1;44.6
Información y comunicaciones;Jornada a tiempo parcial;Porcentaje;2026T2;5.3
Información y comunicaciones;Jornada a tiempo parcial;Porcentaje;2026T1;5.8
Información y comunicaciones;Jornada a tiempo parcial;Porcentaje;2025T4;6.0
Información y comunicaciones;Jornada a tiempo parcial;Porcentaje;2025T3;5.7
Información y comunicaciones;Jornada a tiempo parcial;Porcentaje;2025T2;4.6
Información y comunicaciones;Jornada a tiempo parcial;Porcentaje;2025T1;5.1
Información y comunicaciones;Jornada a tiempo parcial;Porcentaje;2024T4;4.7
Información y comunicaciones;Jornada a tiempo parcial;Porcentaje;2024T3;5.1
Información y comunicaciones;Jornada a tiempo parcial;Porcentaje;2024T2;5.9
Información y comunicaciones;Jornada a tiempo parcial;Porcentaje;2024T1;5.8
Información y comunicaciones;Jornada a tiempo parcial;Porcentaje;2023T4;6.0
Información y comunicaciones;Jornada a tiempo parcial;Porcentaje;2023T3;6.0
Información y comunicaciones;Jornada a tiempo parcial;Porcentaje;2023T2;5.9
Información y comunicaciones;Jornada a tiempo parcial;Porcentaje;2023T1;6.3
Información y comunicaciones;Jornada a tiempo parcial;Porcentaje;2022T4;6.8
Información y comunicaciones;Jornada a tiempo parcial;Porcentaje;2022T3;6.7
Información y comunicaciones;Jornada a tiempo parcial;Porcentaje;2022T2;6.8
Información y comunicaciones;Jornada a tiempo parcial;Porcentaje;2022T1;6.2
Información y comunicaciones;Jornada a tiempo parcial;Porcentaje;2021T4;6.8
Información y comunicaciones;Jornada a tiempo parcial;Porcentaje;2021T3;6.3
Información y comunicaciones;Jornada a tiempo parcial;Porcentaje;2021T2;6.2
Información y comunicaciones;Jornada a tiempo parcial;Porcentaje;2021T1;6.7
Información y comunicaciones;Jornada a tiempo parcial;Porcentaje;2020T4;5.6
Información y comunicaciones;Jornada a tiempo parcial;Porcentaje;2020T3;7.1
Información y comunicaciones;Jornada a tiempo parcial;Porcentaje;2020T2;6.7
Información y comunicaciones;Jornada a tiempo parcial;Porcentaje;2020T1;6.5
Información y comunicaciones;Jornada a tiempo parcial;Porcentaje;2019T4;5.5
Información y comunicaciones;Jornada a tiempo parcial;Porcentaje;2019T3;6.8
Información y comunicaciones;Jornada a tiempo parcial;Porcentaje;2019T2;7.9
Información y comunicaciones;Jornada a tiempo parcial;Porcentaje;2019T1;7.0
Información y comunicaciones;Jornada a tiempo parcial;Porcentaje;2018T4;7.3
Información y comunicaciones;Jornada a tiempo parcial;Porcentaje;2018T3;7.5
Información y comunicaciones;Jornada a tiempo parcial;Porcentaje;2018T2;7.6
Información y comunicaciones;Jornada a tiempo parcial;Porcentaje;2018T1;8.2
Información y comunicaciones;Jornada a tiempo parcial;Porcentaje;2017T4;7.7
Información y comunicaciones;Jornada a tiempo parcial;Porcentaje;2017T3;6.7
Información y comunicaciones;Jornada a tiempo parcial;Porcentaje;2017T2;8.0
Información y comunicaciones;Jornada a tiempo parcial;Porcentaje;2017T1;8.1
Información y comunicaciones;Jornada a tiempo parcial;Porcentaje;2016T4;6.9
Información y comunicaciones;Jornada a tiempo parcial;Porcentaje;2016T3;7.4
Información y comunicaciones;Jornada a tiempo parcial;Porcentaje;2016T2;7.0
Información y comunicaciones;Jornada a tiempo parcial;Porcentaje;2016T1;7.6
Información y comunicaciones;Jornada a tiempo parcial;Porcentaje;2015T4;7.1
Información y comunicaciones;Jornada a tiempo parcial;Porcentaje;2015T3;7.3
Información y comunicaciones;Jornada a tiempo parcial;Porcentaje;2015T2;6.5
Información y comunicaciones;Jornada a tiempo parcial;Porcentaje;2015T1;7.4
Información y comunicaciones;Jornada a tiempo parcial;Porcentaje;2014T4;6.9
Información y comunicaciones;Jornada a tiempo parcial;Porcentaje;2014T3;8.4
Información y comunicaciones;Jornada a tiempo parcial;Porcentaje;2014T2;9.2
Información y comunicaciones;Jornada a tiempo parcial;Porcentaje;2014T1;8.0
Información y comunicaciones;Jornada a tiempo parcial;Porcentaje;2013T4;8.3
Información y comunicaciones;Jornada a tiempo parcial;Porcentaje;2013T3;9.1
Información y comunicaciones;Jornada a tiempo parcial;Porcentaje;2013T2;9.4
Información y comunicaciones;Jornada a tiempo parcial;Porcentaje;2013T1;8.3
Información y comunicaciones;Jornada a tiempo parcial;Porcentaje;2012T4;7.2
Información y comunicaciones;Jornada a tiempo parcial;Porcentaje;2012T3;8.4
Información y comunicaciones;Jornada a tiempo parcial;Porcentaje;2012T2;8.4
Información y comunicaciones;Jornada a tiempo parcial;Porcentaje;2012T1;8.0
Información y comunicaciones;Jornada a tiempo parcial;Porcentaje;2011T4;7.5
Información y comunicaciones;Jornada a tiempo parcial;Porcentaje;2011T3;7.6
Información y comunicaciones;Jornada a tiempo parcial;Porcentaje;2011T2;8.8
Información y comunicaciones;Jornada a tiempo parcial;Porcentaje;2011T1;8.2
Información y comunicaciones;Jornada a tiempo parcial;Porcentaje;2010T4;8.1
Información y comunicaciones;Jornada a tiempo parcial;Porcentaje;2010T3;7.2
Información y comunicaciones;Jornada a tiempo parcial;Porcentaje;2010T2;7.6
Información y comunicaciones;Jornada a tiempo parcial;Porcentaje;2010T1;7.7
Información y comunicaciones;Jornada a tiempo parcial;Porcentaje;2009T4;8.0
Información y comunicaciones;Jornada a tiempo parcial;Porcentaje;2009T3;8.6
Información y comunicaciones;Jornada a tiempo parcial;Porcentaje;2009T2;8.6
Información y comunicaciones;Jornada a tiempo parcial;Porcentaje;2009T1;7.3
Información y comunicaciones;Jornada a tiempo parcial;Porcentaje;2008T4;8.3
Información y comunicaciones;Jornada a tiempo parcial;Porcentaje;2008T3;7.6
Información y comunicaciones;Jornada a tiempo parcial;Porcentaje;2008T2;8.2
Información y comunicaciones;Jornada a tiempo parcial;Porcentaje;2008T1;8.2
